Event Index,UTC Timestamp,UTC Date and Time,Local Timestamp,Local Timezone,Local Date and Time,Experiment ID,Experiment Version,Tree Node Key,Repeat Key,Schedule ID,Participant Public ID,Participant Private ID,Participant Starting Group,Participant Status,Participant Completion Code,Participant External Session ID,Participant Device Type,Participant Device,Participant OS,Participant Browser,Participant Monitor Size,Participant Viewport Size,Checkpoint,Room ID,Room Order,Task Name,Task Version,randomiser-rtb5,branch-r1zd,branch-m8ae,branch-yceh,checkpoint-fbue,checkpoint-7icl,checkpoint-7zea,checkpoint-yqmp,checkpoint-tf61,checkpoint-7zgv,checkpoint-ko3x,checkpoint-toq5,branch-3g7m,checkpoint-j7nf,checkpoint-ga9e,branch-l9tl,checkpoint-5iff,branch-req5,checkpoint-7gp2,counterbalance-xq3l,counterbalance-nimi,counterbalance-x3xi,Spreadsheet,Current Spreadsheet,Trial Number,Display,Screen,Screen ID,Screen Counter,Response Type,Response,Onset Time,Clock Time,Reaction Time,Absolute Onset Time,Absolute Clock Time,Absolute Reaction Time,Correct,Response Onset,Response Duration,Proportion,Tag,Component Name,Object Name,Object Number,Object ID,Spreadsheet: display,Manipulation: Spreadsheet,Store: Progress,Store: Audio Check 1,Store: Audio Check 2,Store: Audio Check Redirect
1,1719927302837,02/07/2024 13:35:02,1719934502837,2,02/07/2024 17:35:02,86579,59,task-tole,,38683497,280560572371991,11356443,,complete,,,computer,Desktop or Laptop,Windows 10,Firefox 127.0,1920x1080,1920x927,End study,,0,Audio check male vs. female,9,Speaker Gender M vs. F,,,pass,Consent given,,,Demographics,,,Audio evaluation male vs. female,End study,,,,,Audio check male vs. female,pass,Origin & authenticity male vs. female,,,M_vs._F_33,Spreadsheet1,Spreadsheet1,,,,,,info,BEGIN,,,,,,,0,,,,,,,,,,,,,,
2,1719927305539,02/07/2024 13:35:05,1719934505539,2,02/07/2024 17:35:05,86579,59,task-tole,,38683497,280560572371991,11356443,,complete,,,computer,Desktop or Laptop,Windows 10,Firefox 127.0,1920x1080,1920x927,End study,,0,Audio check male vs. female,9,Speaker Gender M vs. F,,,pass,Consent given,,,Demographics,,,Audio evaluation male vs. female,End study,,,,,Audio check male vs. female,pass,Origin & authenticity male vs. female,,,M_vs._F_33,Spreadsheet1,Spreadsheet1,1,Instructions1,Screen 1,b1zo9t,1,info,audio started,2449.2,2433.34,2449.2,2449.2,2433.34,2449.2,1,2449.2,0,0,,Audio Clip,Continue Button,2,object-89,Instructions1,,,,,
3,1719927308076,02/07/2024 13:35:08,1719934508076,2,02/07/2024 17:35:08,86579,59,task-tole,,38683497,280560572371991,11356443,,complete,,,computer,Desktop or Laptop,Windows 10,Firefox 127.0,1920x1080,1920x927,End study,,0,Audio check male vs. female,9,Speaker Gender M vs. F,,,pass,Consent given,,,Demographics,,,Audio evaluation male vs. female,End study,,,,,Audio check male vs. female,pass,Origin & authenticity male vs. female,,,M_vs._F_33,Spreadsheet1,Spreadsheet1,1,Instructions1,Screen 1,b1zo9t,1,response,continue,4985.2,4983.34,4985.2,4985.2,4983.34,4985.2,1,4985.2,0,0,,Click Response,Continue Button,4,object-4,Instructions1,,1,,,
4,1719927309032,02/07/2024 13:35:09,1719934509032,2,02/07/2024 17:35:09,86579,59,task-tole,,38683497,280560572371991,11356443,,complete,,,computer,Desktop or Laptop,Windows 10,Firefox 127.0,1920x1080,1920x927,End study,,0,Audio check male vs. female,9,Speaker Gender M vs. F,,,pass,Consent given,,,Demographics,,,Audio evaluation male vs. female,End study,,,,,Audio check male vs. female,pass,Origin & authenticity male vs. female,,,M_vs._F_33,Spreadsheet1,Spreadsheet1,1,Instructions1,Screen 1,b1zo9t,1,info,audio finished,5941.2,5933.34,5941.2,5941.2,5933.34,5941.2,1,5941.2,0,0,,Audio Clip,Continue Button,2,object-89,Instructions1,,1,,,
5,1719927311332,02/07/2024 13:35:11,1719934511332,2,02/07/2024 17:35:11,86579,59,task-tole,,38683497,280560572371991,11356443,,complete,,,computer,Desktop or Laptop,Windows 10,Firefox 127.0,1920x1080,1920x927,End study,,0,Audio check male vs. female,9,Speaker Gender M vs. F,,,pass,Consent given,,,Demographics,,,Audio evaluation male vs. female,End study,,,,,Audio check male vs. female,pass,Origin & authenticity male vs. female,,,M_vs._F_33,Spreadsheet1,Spreadsheet1,1,Instructions1,Screen 2,s26p9w,2,info,audio started,2308.8599999999997,2299.999999999999,2308.8599999999997,2308.8599999999997,2299.999999999999,2308.8599999999997,1,2308.8599999999997,0,0,,Audio Clip,Audio,3,object-94,Instructions1,,1,,,
6,1719927314771,02/07/2024 13:35:14,1719934514771,2,02/07/2024 17:35:14,86579,59,task-tole,,38683497,280560572371991,11356443,,complete,,,computer,Desktop or Laptop,Windows 10,Firefox 127.0,1920x1080,1920x927,End study,,0,Audio check male vs. female,9,Speaker Gender M vs. F,,,pass,Consent given,,,Demographics,,,Audio evaluation male vs. female,End study,,,,,Audio check male vs. female,pass,Origin & authenticity male vs. female,,,M_vs._F_33,Spreadsheet1,Spreadsheet1,1,Instructions1,Screen 2,s26p9w,2,info,audio finished,5746.86,5733.319999999999,5746.86,5746.86,5733.319999999999,5746.86,1,5746.86,0,0,,Audio Clip,Audio,3,object-94,Instructions1,,1,,,
7,1719927316207,02/07/2024 13:35:16,1719934516207,2,02/07/2024 17:35:16,86579,59,task-tole,,38683497,280560572371991,11356443,,complete,,,computer,Desktop or Laptop,Windows 10,Firefox 127.0,1920x1080,1920x927,End study,,0,Audio check male vs. female,9,Speaker Gender M vs. F,,,pass,Consent given,,,Demographics,,,Audio evaluation male vs. female,End study,,,,,Audio check male vs. female,pass,Origin & authenticity male vs. female,,,M_vs._F_33,Spreadsheet1,Spreadsheet1,1,Instructions1,Screen 2,s26p9w,2,response,continue,7182.86,7166.659999999999,7182.86,7182.86,7166.659999999999,7182.86,1,7182.86,0,0,ResponseProgress,Click Response,Continue Button,2,object-93,Instructions1,,2,,,
8,1719927318578,02/07/2024 13:35:18,1719934518578,2,02/07/2024 17:35:18,86579,59,task-tole,,38683497,280560572371991,11356443,,complete,,,computer,Desktop or Laptop,Windows 10,Firefox 127.0,1920x1080,1920x927,End study,,0,Audio check male vs. female,9,Speaker Gender M vs. F,,,pass,Consent given,,,Demographics,,,Audio evaluation male vs. female,End study,,,,,Audio check male vs. female,pass,Origin & authenticity male vs. female,,,M_vs._F_33,Spreadsheet1,Spreadsheet1,1,Instructions1,Screen 2,s26p9w,2,response,continue,9553.86,9550,9553.86,9553.86,9550,9553.86,1,9553.86,0,0,ResponseProgress,Click Response,Continue Button,2,object-93,Instructions1,,3,,,
9,1719927318579,02/07/2024 13:35:18,1719934518579,2,02/07/2024 17:35:18,86579,59,task-tole,,38683497,280560572371991,11356443,,complete,,,computer,Desktop or Laptop,Windows 10,Firefox 127.0,1920x1080,1920x927,End study,,0,Audio check male vs. female,9,Speaker Gender M vs. F,,,pass,Consent given,,,Demographics,,,Audio evaluation male vs. female,End study,,,,,Audio check male vs. female,pass,Origin & authenticity male vs. female,,,M_vs._F_33,Spreadsheet1,Spreadsheet1,1,Instructions1,Screen 2,s26p9w,2,response,Ja,4366.659999999999,9550,9554.86,4366.659999999999,9550,9554.86,1,4366.659999999999,5188.200000000002,0,AudioCheck1,Dropdown,Dropdown,7,object-20,Instructions1,,3,Ja,,
10,1719927318579,02/07/2024 13:35:18,1719934518579,2,02/07/2024 17:35:18,86579,59,task-tole,,38683497,280560572371991,11356443,,complete,,,computer,Desktop or Laptop,Windows 10,Firefox 127.0,1920x1080,1920x927,End study,,0,Audio check male vs. female,9,Speaker Gender M vs. F,,,pass,Consent given,,,Demographics,,,Audio evaluation male vs. female,End study,,,,,Audio check male vs. female,pass,Origin & authenticity male vs. female,,,M_vs._F_33,Spreadsheet1,Spreadsheet1,1,Instructions1,Screen 2,s26p9w,2,response,Ja,8950,9550,9554.86,8950,9550,9554.86,1,8950,604.8600000000006,0,AudioCheck2,Dropdown,Dropdown,8,object-21,Instructions1,,3,Ja,Ja,
11,1719927318592,02/07/2024 13:35:18,1719934518592,2,02/07/2024 17:35:18,86579,59,task-tole,,38683497,280560572371991,11356443,,complete,,,computer,Desktop or Laptop,Windows 10,Firefox 127.0,1920x1080,1920x927,End study,,0,Audio check male vs. female,9,Speaker Gender M vs. F,,,pass,Consent given,,,Demographics,,,Audio evaluation male vs. female,End study,,,,,Audio check male vs. female,pass,Origin & authenticity male vs. female,,,M_vs._F_33,Spreadsheet1,Spreadsheet1,1,Instructions1,Screen 3,p7z98f,3,timedOut,,17.860000000000582,16.659999999999854,17.860000000000582,17.860000000000582,16.659999999999854,17.860000000000582,1,17.860000000000582,0,0,,Time Limit,screen,0,screen,Instructions1,,3,Ja,Ja,2
12,1719927318592,02/07/2024 13:35:18,1719934518592,2,02/07/2024 17:35:18,86579,59,task-tole,,38683497,280560572371991,11356443,,complete,,,computer,Desktop or Laptop,Windows 10,Firefox 127.0,1920x1080,1920x927,End study,,0,Audio check male vs. female,9,Speaker Gender M vs. F,,,pass,Consent given,,,Demographics,,,Audio evaluation male vs. female,End study,,,,,Audio check male vs. female,pass,Origin & authenticity male vs. female,,,M_vs._F_33,Spreadsheet1,Spreadsheet1,,,,,,info,END,,,,,,,0,,,,,,,,,,,,,,
1,1719927405265,02/07/2024 13:36:45,1719934605265,2,02/07/2024 17:36:45,86579,59,task-tole,,38683642,280560572515517,11356470,,complete,,,computer,Desktop or Laptop,Windows 10,Edge 126.0.0.0,1707x960,1659x838,End study,,0,Audio check male vs. female,9,Speaker Gender M vs. F,,,pass,Consent given,,,Demographics,,,Audio evaluation male vs. female,End study,,,,,Audio check male vs. female,pass,Origin & authenticity male vs. female,,,M_vs._F_4,Spreadsheet1,Spreadsheet1,,,,,,info,BEGIN,,,,,,,0,,,,,,,,,,,,,,
2,1719927410230,02/07/2024 13:36:50,1719934610230,2,02/07/2024 17:36:50,86579,59,task-tole,,38683642,280560572515517,11356470,,complete,,,computer,Desktop or Laptop,Windows 10,Edge 126.0.0.0,1707x960,1659x838,End study,,0,Audio check male vs. female,9,Speaker Gender M vs. F,,,pass,Consent given,,,Demographics,,,Audio evaluation male vs. female,End study,,,,,Audio check male vs. female,pass,Origin & authenticity male vs. female,,,M_vs._F_4,Spreadsheet1,Spreadsheet1,1,Instructions1,Screen 1,b1zo9t,1,info,audio started,4460.800000000001,4454.700000000001,4460.800000000001,4460.800000000001,4454.700000000001,4460.800000000001,1,4460.800000000001,0,0,,Audio Clip,Continue Button,2,object-89,Instructions1,,,,,
3,1719927413653,02/07/2024 13:36:53,1719934613653,2,02/07/2024 17:36:53,86579,59,task-tole,,38683642,280560572515517,11356470,,complete,,,computer,Desktop or Laptop,Windows 10,Edge 126.0.0.0,1707x960,1659x838,End study,,0,Audio check male vs. female,9,Speaker Gender M vs. F,,,pass,Consent given,,,Demographics,,,Audio evaluation male vs. female,End study,,,,,Audio check male vs. female,pass,Origin & authenticity male vs. female,,,M_vs._F_4,Spreadsheet1,Spreadsheet1,1,Instructions1,Screen 1,b1zo9t,1,info,audio finished,7885.6,7885,7885.6,7885.6,7885,7885.6,1,7885.6,0,0,,Audio Clip,Continue Button,2,object-89,Instructions1,,,,,
4,1719927418882,02/07/2024 13:36:58,1719934618882,2,02/07/2024 17:36:58,86579,59,task-tole,,38683642,280560572515517,11356470,,complete,,,computer,Desktop or Laptop,Windows 10,Edge 126.0.0.0,1707x960,1659x838,End study,,0,Audio check male vs. female,9,Speaker Gender M vs. F,,,pass,Consent given,,,Demographics,,,Audio evaluation male vs. female,End study,,,,,Audio check male vs. female,pass,Origin & authenticity male vs. female,,,M_vs._F_4,Spreadsheet1,Spreadsheet1,1,Instructions1,Screen 1,b1zo9t,1,info,audio started,13114.6,13109.2,13114.6,13114.6,13109.2,13114.6,1,13114.6,0,0,,Audio Clip,Continue Button,2,object-89,Instructions1,,,,,
5,1719927422304,02/07/2024 13:37:02,1719934622304,2,02/07/2024 17:37:02,86579,59,task-tole,,38683642,280560572515517,11356470,,complete,,,computer,Desktop or Laptop,Windows 10,Edge 126.0.0.0,1707x960,1659x838,End study,,0,Audio check male vs. female,9,Speaker Gender M vs. F,,,pass,Consent given,,,Demographics,,,Audio evaluation male vs. female,End study,,,,,Audio check male vs. female,pass,Origin & authenticity male vs. female,,,M_vs._F_4,Spreadsheet1,Spreadsheet1,1,Instructions1,Screen 1,b1zo9t,1,info,audio finished,16536.1,16533.5,16536.1,16536.1,16533.5,16536.1,1,16536.1,0,0,,Audio Clip,Continue Button,2,object-89,Instructions1,,,,,
6,1719927423552,02/07/2024 13:37:03,1719934623552,2,02/07/2024 17:37:03,86579,59,task-tole,,38683642,280560572515517,11356470,,complete,,,computer,Desktop or Laptop,Windows 10,Edge 126.0.0.0,1707x960,1659x838,End study,,0,Audio check male vs. female,9,Speaker Gender M vs. F,,,pass,Consent given,,,Demographics,,,Audio evaluation male vs. female,End study,,,,,Audio check male vs. female,pass,Origin & authenticity male vs. female,,,M_vs._F_4,Spreadsheet1,Spreadsheet1,1,Instructions1,Screen 1,b1zo9t,1,response,continue,17784.1,17782,17784.1,17784.1,17782,17784.1,1,17784.1,0,0,,Click Response,Continue Button,4,object-4,Instructions1,,1,,,
7,1719927428911,02/07/2024 13:37:08,1719934628911,2,02/07/2024 17:37:08,86579,59,task-tole,,38683642,280560572515517,11356470,,complete,,,computer,Desktop or Laptop,Windows 10,Edge 126.0.0.0,1707x960,1659x838,End study,,0,Audio check male vs. female,9,Speaker Gender M vs. F,,,pass,Consent given,,,Demographics,,,Audio evaluation male vs. female,End study,,,,,Audio check male vs. female,pass,Origin & authenticity male vs. female,,,M_vs._F_4,Spreadsheet1,Spreadsheet1,1,Instructions1,Screen 2,s26p9w,2,info,audio started,5360.999999998508,5357.5999999999985,5360.999999998508,5360.999999998508,5357.5999999999985,5360.999999998508,1,5360.999999998508,0,0,,Audio Clip,Audio,3,object-94,Instructions1,,1,,,
8,1719927432332,02/07/2024 13:37:12,1719934632332,2,02/07/2024 17:37:12,86579,59,task-tole,,38683642,280560572515517,11356470,,complete,,,computer,Desktop or Laptop,Windows 10,Edge 126.0.0.0,1707x960,1659x838,End study,,0,Audio check male vs. female,9,Speaker Gender M vs. F,,,pass,Consent given,,,Demographics,,,Audio evaluation male vs. female,End study,,,,,Audio check male vs. female,pass,Origin & authenticity male vs. female,,,M_vs._F_4,Spreadsheet1,Spreadsheet1,1,Instructions1,Screen 2,s26p9w,2,info,audio finished,8782.099999999999,8781.899999999998,8782.099999999999,8782.099999999999,8781.899999999998,8782.099999999999,1,8782.099999999999,0,0,,Audio Clip,Audio,3,object-94,Instructions1,,1,,,
9,1719927442622,02/07/2024 13:37:22,1719934642622,2,02/07/2024 17:37:22,86579,59,task-tole,,38683642,280560572515517,11356470,,complete,,,computer,Desktop or Laptop,Windows 10,Edge 126.0.0.0,1707x960,1659x838,End study,,0,Audio check male vs. female,9,Speaker Gender M vs. F,,,pass,Consent given,,,Demographics,,,Audio evaluation male vs. female,End study,,,,,Audio check male vs. female,pass,Origin & authenticity male vs. female,,,M_vs._F_4,Spreadsheet1,Spreadsheet1,1,Instructions1,Screen 2,s26p9w,2,response,continue,19071.49999999851,19066.799999999996,19071.49999999851,19071.49999999851,19066.799999999996,19071.49999999851,1,19071.49999999851,0,0,ResponseProgress,Click Response,Continue Button,2,object-93,Instructions1,,2,,,
10,1719927442623,02/07/2024 13:37:22,1719934642623,2,02/07/2024 17:37:22,86579,59,task-tole,,38683642,280560572515517,11356470,,complete,,,computer,Desktop or Laptop,Windows 10,Edge 126.0.0.0,1707x960,1659x838,End study,,0,Audio check male vs. female,9,Speaker Gender M vs. F,,,pass,Consent given,,,Demographics,,,Audio evaluation male vs. female,End study,,,,,Audio check male vs. female,pass,Origin & authenticity male vs. female,,,M_vs._F_4,Spreadsheet1,Spreadsheet1,1,Instructions1,Screen 2,s26p9w,2,response,Ja,3909.0999999999985,19066.799999999996,19072.899999999994,3909.0999999999985,19066.799999999996,19072.899999999994,1,3909.0999999999985,15163.799999999996,0,AudioCheck1,Dropdown,Dropdown,7,object-20,Instructions1,,2,Ja,,
11,1719927442623,02/07/2024 13:37:22,1719934642623,2,02/07/2024 17:37:22,86579,59,task-tole,,38683642,280560572515517,11356470,,complete,,,computer,Desktop or Laptop,Windows 10,Edge 126.0.0.0,1707x960,1659x838,End study,,0,Audio check male vs. female,9,Speaker Gender M vs. F,,,pass,Consent given,,,Demographics,,,Audio evaluation male vs. female,End study,,,,,Audio check male vs. female,pass,Origin & authenticity male vs. female,,,M_vs._F_4,Spreadsheet1,Spreadsheet1,1,Instructions1,Screen 2,s26p9w,2,response,Ja,17818.299999999996,19066.799999999996,19072.899999999994,17818.299999999996,19066.799999999996,19072.899999999994,1,17818.299999999996,1254.5999999999985,0,AudioCheck2,Dropdown,Dropdown,8,object-21,Instructions1,,2,Ja,Ja,
12,1719927442625,02/07/2024 13:37:22,1719934642625,2,02/07/2024 17:37:22,86579,59,task-tole,,38683642,280560572515517,11356470,,complete,,,computer,Desktop or Laptop,Windows 10,Edge 126.0.0.0,1707x960,1659x838,End study,,0,Audio check male vs. female,9,Speaker Gender M vs. F,,,pass,Consent given,,,Demographics,,,Audio evaluation male vs. female,End study,,,,,Audio check male vs. female,pass,Origin & authenticity male vs. female,,,M_vs._F_4,Spreadsheet1,Spreadsheet1,1,Instructions1,Screen 3,p7z98f,3,timedOut,,8.30000000000291,6.100000000005821,8.30000000000291,8.30000000000291,6.100000000005821,8.30000000000291,1,8.30000000000291,0,0,,Time Limit,screen,0,screen,Instructions1,,2,Ja,Ja,2
13,1719927442626,02/07/2024 13:37:22,1719934642626,2,02/07/2024 17:37:22,86579,59,task-tole,,38683642,280560572515517,11356470,,complete,,,computer,Desktop or Laptop,Windows 10,Edge 126.0.0.0,1707x960,1659x838,End study,,0,Audio check male vs. female,9,Speaker Gender M vs. F,,,pass,Consent given,,,Demographics,,,Audio evaluation male vs. female,End study,,,,,Audio check male vs. female,pass,Origin & authenticity male vs. female,,,M_vs._F_4,Spreadsheet1,Spreadsheet1,,,,,,info,END,,,,,,,0,,,,,,,,,,,,,,
1,1719928438975,02/07/2024 13:53:58,1719935638975,2,02/07/2024 17:53:58,86579,59,task-tole,,38685718,280560572375091,11356762,,complete,,,computer,Desktop or Laptop,Windows 10,Chrome 126.0.0.0,1920x1080,1920x919,End study,,0,Audio check male vs. female,9,Speaker Gender M vs. F,,,pass,Consent given,,,Demographics,,,Audio evaluation male vs. female,End study,,,,,Audio check male vs. female,pass,Origin & authenticity male vs. female,,,M_vs._F_16,Spreadsheet1,Spreadsheet1,,,,,,info,BEGIN,,,,,,,0,,,,,,,,,,,,,,
2,1719928445108,02/07/2024 13:54:05,1719935645108,2,02/07/2024 17:54:05,86579,59,task-tole,,38685718,280560572375091,11356762,,complete,,,computer,Desktop or Laptop,Windows 10,Chrome 126.0.0.0,1920x1080,1920x919,End study,,0,Audio check male vs. female,9,Speaker Gender M vs. F,,,pass,Consent given,,,Demographics,,,Audio evaluation male vs. female,End study,,,,,Audio check male vs. female,pass,Origin & authenticity male vs. female,,,M_vs._F_16,Spreadsheet1,Spreadsheet1,1,Instructions1,Screen 1,b1zo9t,1,info,audio started,5922.900000023842,5916.099999999999,5922.900000023842,5922.900000023842,5916.099999999999,5922.900000023842,1,5922.900000023842,0,0,,Audio Clip,Continue Button,2,object-89,Instructions1,,,,,
3,1719928448530,02/07/2024 13:54:08,1719935648530,2,02/07/2024 17:54:08,86579,59,task-tole,,38685718,280560572375091,11356762,,complete,,,computer,Desktop or Laptop,Windows 10,Chrome 126.0.0.0,1920x1080,1920x919,End study,,0,Audio check male vs. female,9,Speaker Gender M vs. F,,,pass,Consent given,,,Demographics,,,Audio evaluation male vs. female,End study,,,,,Audio check male vs. female,pass,Origin & authenticity male vs. female,,,M_vs._F_16,Spreadsheet1,Spreadsheet1,1,Instructions1,Screen 1,b1zo9t,1,info,audio finished,9345.60000001192,9332.5,9345.60000001192,9345.60000001192,9332.5,9345.60000001192,1,9345.60000001192,0,0,,Audio Clip,Continue Button,2,object-89,Instructions1,,,,,
4,1719928452402,02/07/2024 13:54:12,1719935652402,2,02/07/2024 17:54:12,86579,59,task-tole,,38685718,280560572375091,11356762,,complete,,,computer,Desktop or Laptop,Windows 10,Chrome 126.0.0.0,1920x1080,1920x919,End study,,0,Audio check male vs. female,9,Speaker Gender M vs. F,,,pass,Consent given,,,Demographics,,,Audio evaluation male vs. female,End study,,,,,Audio check male vs. female,pass,Origin & authenticity male vs. female,,,M_vs._F_16,Spreadsheet1,Spreadsheet1,1,Instructions1,Screen 1,b1zo9t,1,response,continue,13215.5,13198.8,13215.5,13215.5,13198.8,13215.5,1,13215.5,0,0,,Click Response,Continue Button,4,object-4,Instructions1,,1,,,
5,1719928459766,02/07/2024 13:54:19,1719935659766,2,02/07/2024 17:54:19,86579,59,task-tole,,38685718,280560572375091,11356762,,complete,,,computer,Desktop or Laptop,Windows 10,Chrome 126.0.0.0,1920x1080,1920x919,End study,,0,Audio check male vs. female,9,Speaker Gender M vs. F,,,pass,Consent given,,,Demographics,,,Audio evaluation male vs. female,End study,,,,,Audio check male vs. female,pass,Origin & authenticity male vs. female,,,M_vs._F_16,Spreadsheet1,Spreadsheet1,1,Instructions1,Screen 2,s26p9w,2,response,continue,7382.199999988079,7365.9000000000015,7382.199999988079,7382.199999988079,7365.9000000000015,7382.199999988079,1,7382.199999988079,0,0,ResponseProgress,Click Response,Continue Button,2,object-93,Instructions1,,2,,,
6,1719928459767,02/07/2024 13:54:19,1719935659767,2,02/07/2024 17:54:19,86579,59,task-tole,,38685718,280560572375091,11356762,,complete,,,computer,Desktop or Laptop,Windows 10,Chrome 126.0.0.0,1920x1080,1920x919,End study,,0,Audio check male vs. female,9,Speaker Gender M vs. F,,,pass,Consent given,,,Demographics,,,Audio evaluation male vs. female,End study,,,,,Audio check male vs. female,pass,Origin & authenticity male vs. female,,,M_vs._F_16,Spreadsheet1,Spreadsheet1,1,Instructions1,Screen 2,s26p9w,2,response,Ja,4649.5,7365.9000000000015,7382.600000000002,4649.5,7365.9000000000015,7382.600000000002,1,4649.5,2733.100000000002,0,AudioCheck1,Dropdown,Dropdown,7,object-20,Instructions1,,2,Ja,,
7,1719928459768,02/07/2024 13:54:19,1719935659768,2,02/07/2024 17:54:19,86579,59,task-tole,,38685718,280560572375091,11356762,,complete,,,computer,Desktop or Laptop,Windows 10,Chrome 126.0.0.0,1920x1080,1920x919,End study,,0,Audio check male vs. female,9,Speaker Gender M vs. F,,,pass,Consent given,,,Demographics,,,Audio evaluation male vs. female,End study,,,,,Audio check male vs. female,pass,Origin & authenticity male vs. female,,,M_vs._F_16,Spreadsheet1,Spreadsheet1,1,Instructions1,Screen 2,s26p9w,2,response,Ja,6916.0999999999985,7365.9000000000015,7382.600000000002,6916.0999999999985,7365.9000000000015,7382.600000000002,1,6916.0999999999985,466.50000000000364,0,AudioCheck2,Dropdown,Dropdown,8,object-21,Instructions1,,2,Ja,Ja,
8,1719928459773,02/07/2024 13:54:19,1719935659773,2,02/07/2024 17:54:19,86579,59,task-tole,,38685718,280560572375091,11356762,,complete,,,computer,Desktop or Laptop,Windows 10,Chrome 126.0.0.0,1920x1080,1920x919,End study,,0,Audio check male vs. female,9,Speaker Gender M vs. F,,,pass,Consent given,,,Demographics,,,Audio evaluation male vs. female,End study,,,,,Audio check male vs. female,pass,Origin & authenticity male vs. female,,,M_vs._F_16,Spreadsheet1,Spreadsheet1,1,Instructions1,Screen 3,p7z98f,3,timedOut,,23.099999999998545,16.69999999999709,23.099999999998545,23.099999999998545,16.69999999999709,23.099999999998545,1,23.099999999998545,0,0,,Time Limit,screen,0,screen,Instructions1,,2,Ja,Ja,2
9,1719928459774,02/07/2024 13:54:19,1719935659774,2,02/07/2024 17:54:19,86579,59,task-tole,,38685718,280560572375091,11356762,,complete,,,computer,Desktop or Laptop,Windows 10,Chrome 126.0.0.0,1920x1080,1920x919,End study,,0,Audio check male vs. female,9,Speaker Gender M vs. F,,,pass,Consent given,,,Demographics,,,Audio evaluation male vs. female,End study,,,,,Audio check male vs. female,pass,Origin & authenticity male vs. female,,,M_vs._F_16,Spreadsheet1,Spreadsheet1,,,,,,info,END,,,,,,,0,,,,,,,,,,,,,,
1,1719932467223,02/07/2024 15:01:07,1719939667223,2,02/07/2024 19:01:07,86579,59,task-tole,,38689152,280560572508207,11357550,,complete,,,computer,Desktop or Laptop,Windows 10,Edge 126.0.0.0,1280x800,1232x652,End study,,0,Audio check male vs. female,9,Speaker Gender M vs. F,,,pass,Consent given,,,Demographics,,,Audio evaluation male vs. female,End study,,,,,Audio check male vs. female,pass,Origin & authenticity male vs. female,,,M_vs._F_10,Spreadsheet1,Spreadsheet1,,,,,,info,BEGIN,,,,,,,0,,,,,,,,,,,,,,
2,1719932490556,02/07/2024 15:01:30,1719939690556,2,02/07/2024 19:01:30,86579,59,task-tole,,38689152,280560572508207,11357550,,complete,,,computer,Desktop or Laptop,Windows 10,Edge 126.0.0.0,1280x800,1232x652,End study,,0,Audio check male vs. female,9,Speaker Gender M vs. F,,,pass,Consent given,,,Demographics,,,Audio evaluation male vs. female,End study,,,,,Audio check male vs. female,pass,Origin & authenticity male vs. female,,,M_vs._F_10,Spreadsheet1,Spreadsheet1,1,Instructions1,Screen 1,b1zo9t,1,info,audio started,22950.7,22934,22950.7,22950.7,22934,22950.7,1,22950.7,0,0,,Audio Clip,Continue Button,2,object-89,Instructions1,,,,,
3,1719932493987,02/07/2024 15:01:33,1719939693987,2,02/07/2024 19:01:33,86579,59,task-tole,,38689152,280560572508207,11357550,,complete,,,computer,Desktop or Laptop,Windows 10,Edge 126.0.0.0,1280x800,1232x652,End study,,0,Audio check male vs. female,9,Speaker Gender M vs. F,,,pass,Consent given,,,Demographics,,,Audio evaluation male vs. female,End study,,,,,Audio check male vs. female,pass,Origin & authenticity male vs. female,,,M_vs._F_10,Spreadsheet1,Spreadsheet1,1,Instructions1,Screen 1,b1zo9t,1,info,audio finished,26383.700000000004,26367.300000000003,26383.700000000004,26383.700000000004,26367.300000000003,26383.700000000004,1,26383.700000000004,0,0,,Audio Clip,Continue Button,2,object-89,Instructions1,,,,,
4,1719932496340,02/07/2024 15:01:36,1719939696340,2,02/07/2024 19:01:36,86579,59,task-tole,,38689152,280560572508207,11357550,,complete,,,computer,Desktop or Laptop,Windows 10,Edge 126.0.0.0,1280x800,1232x652,End study,,0,Audio check male vs. female,9,Speaker Gender M vs. F,,,pass,Consent given,,,Demographics,,,Audio evaluation male vs. female,End study,,,,,Audio check male vs. female,pass,Origin & authenticity male vs. female,,,M_vs._F_10,Spreadsheet1,Spreadsheet1,1,Instructions1,Screen 1,b1zo9t,1,response,continue,28734.300000000003,28717.5,28734.300000000003,28734.300000000003,28717.5,28734.300000000003,1,28734.300000000003,0,0,,Click Response,Continue Button,4,object-4,Instructions1,,1,,,
5,1719932506179,02/07/2024 15:01:46,1719939706179,2,02/07/2024 19:01:46,86579,59,task-tole,,38689152,280560572508207,11357550,,complete,,,computer,Desktop or Laptop,Windows 10,Edge 126.0.0.0,1280x800,1232x652,End study,,0,Audio check male vs. female,9,Speaker Gender M vs. F,,,pass,Consent given,,,Demographics,,,Audio evaluation male vs. female,End study,,,,,Audio check male vs. female,pass,Origin & authenticity male vs. female,,,M_vs._F_10,Spreadsheet1,Spreadsheet1,1,Instructions1,Screen 2,s26p9w,2,response,continue,9850.100000000006,9833.400000000001,9850.100000000006,9850.100000000006,9833.400000000001,9850.100000000006,1,9850.100000000006,0,0,ResponseProgress,Click Response,Continue Button,2,object-93,Instructions1,,2,,,
6,1719932506184,02/07/2024 15:01:46,1719939706184,2,02/07/2024 19:01:46,86579,59,task-tole,,38689152,280560572508207,11357550,,complete,,,computer,Desktop or Laptop,Windows 10,Edge 126.0.0.0,1280x800,1232x652,End study,,0,Audio check male vs. female,9,Speaker Gender M vs. F,,,pass,Consent given,,,Demographics,,,Audio evaluation male vs. female,End study,,,,,Audio check male vs. female,pass,Origin & authenticity male vs. female,,,M_vs._F_10,Spreadsheet1,Spreadsheet1,1,Instructions1,Screen 2,s26p9w,2,response,Ja,5066.5999999999985,9833.400000000001,9850.100000000006,5066.5999999999985,9833.400000000001,9850.100000000006,1,5066.5999999999985,4783.500000000007,0,AudioCheck1,Dropdown,Dropdown,7,object-20,Instructions1,,2,Ja,,
7,1719932506185,02/07/2024 15:01:46,1719939706185,2,02/07/2024 19:01:46,86579,59,task-tole,,38689152,280560572508207,11357550,,complete,,,computer,Desktop or Laptop,Windows 10,Edge 126.0.0.0,1280x800,1232x652,End study,,0,Audio check male vs. female,9,Speaker Gender M vs. F,,,pass,Consent given,,,Demographics,,,Audio evaluation male vs. female,End study,,,,,Audio check male vs. female,pass,Origin & authenticity male vs. female,,,M_vs._F_10,Spreadsheet1,Spreadsheet1,1,Instructions1,Screen 2,s26p9w,2,response,Ja,8616.699999999997,9833.400000000001,9850.100000000006,8616.699999999997,9833.400000000001,9850.100000000006,1,8616.699999999997,1233.4000000000087,0,AudioCheck2,Dropdown,Dropdown,8,object-21,Instructions1,,2,Ja,Ja,
8,1719932506191,02/07/2024 15:01:46,1719939706191,2,02/07/2024 19:01:46,86579,59,task-tole,,38689152,280560572508207,11357550,,complete,,,computer,Desktop or Laptop,Windows 10,Edge 126.0.0.0,1280x800,1232x652,End study,,0,Audio check male vs. female,9,Speaker Gender M vs. F,,,pass,Consent given,,,Demographics,,,Audio evaluation male vs. female,End study,,,,,Audio check male vs. female,pass,Origin & authenticity male vs. female,,,M_vs._F_10,Spreadsheet1,Spreadsheet1,1,Instructions1,Screen 3,p7z98f,3,timedOut,,33,16.5,33,33,16.5,33,1,33,0,0,,Time Limit,screen,0,screen,Instructions1,,2,Ja,Ja,2
9,1719932506193,02/07/2024 15:01:46,1719939706193,2,02/07/2024 19:01:46,86579,59,task-tole,,38689152,280560572508207,11357550,,complete,,,computer,Desktop or Laptop,Windows 10,Edge 126.0.0.0,1280x800,1232x652,End study,,0,Audio check male vs. female,9,Speaker Gender M vs. F,,,pass,Consent given,,,Demographics,,,Audio evaluation male vs. female,End study,,,,,Audio check male vs. female,pass,Origin & authenticity male vs. female,,,M_vs._F_10,Spreadsheet1,Spreadsheet1,,,,,,info,END,,,,,,,0,,,,,,,,,,,,,,
1,1719933603985,02/07/2024 15:20:03,1719940803985,2,02/07/2024 19:20:03,86579,59,task-tole,,38690538,280560572509255,11357983,,complete,,,computer,Desktop or Laptop,Windows 10,Chrome 126.0.0.0,1920x1080,1920x919,End study,,0,Audio check male vs. female,9,Speaker Gender M vs. F,,,pass,Consent given,,,Demographics,,,Audio evaluation male vs. female,End study,,,,,Audio check male vs. female,pass,Origin & authenticity male vs. female,,,M_vs._F_12,Spreadsheet1,Spreadsheet1,,,,,,info,BEGIN,,,,,,,0,,,,,,,,,,,,,,
2,1719933606213,02/07/2024 15:20:06,1719940806213,2,02/07/2024 19:20:06,86579,59,task-tole,,38690538,280560572509255,11357983,,complete,,,computer,Desktop or Laptop,Windows 10,Chrome 126.0.0.0,1920x1080,1920x919,End study,,0,Audio check male vs. female,9,Speaker Gender M vs. F,,,pass,Consent given,,,Demographics,,,Audio evaluation male vs. female,End study,,,,,Audio check male vs. female,pass,Origin & authenticity male vs. female,,,M_vs._F_12,Spreadsheet1,Spreadsheet1,1,Instructions1,Screen 1,b1zo9t,1,info,audio started,2100.5,2083.8,2100.5,2100.5,2083.8,2100.5,1,2100.5,0,0,,Audio Clip,Continue Button,2,object-89,Instructions1,,,,,
3,1719933609635,02/07/2024 15:20:09,1719940809635,2,02/07/2024 19:20:09,86579,59,task-tole,,38690538,280560572509255,11357983,,complete,,,computer,Desktop or Laptop,Windows 10,Chrome 126.0.0.0,1920x1080,1920x919,End study,,0,Audio check male vs. female,9,Speaker Gender M vs. F,,,pass,Consent given,,,Demographics,,,Audio evaluation male vs. female,End study,,,,,Audio check male vs. female,pass,Origin & authenticity male vs. female,,,M_vs._F_12,Spreadsheet1,Spreadsheet1,1,Instructions1,Screen 1,b1zo9t,1,info,audio finished,5524.600000095367,5517.3,5524.600000095367,5524.600000095367,5517.3,5524.600000095367,1,5524.600000095367,0,0,,Audio Clip,Continue Button,2,object-89,Instructions1,,,,,
4,1719933614779,02/07/2024 15:20:14,1719940814779,2,02/07/2024 19:20:14,86579,59,task-tole,,38690538,280560572509255,11357983,,complete,,,computer,Desktop or Laptop,Windows 10,Chrome 126.0.0.0,1920x1080,1920x919,End study,,0,Audio check male vs. female,9,Speaker Gender M vs. F,,,pass,Consent given,,,Demographics,,,Audio evaluation male vs. female,End study,,,,,Audio check male vs. female,pass,Origin & authenticity male vs. female,,,M_vs._F_12,Spreadsheet1,Spreadsheet1,1,Instructions1,Screen 1,b1zo9t,1,info,audio started,10669.300000143052,10667.6,10669.300000143052,10669.300000143052,10667.6,10669.300000143052,1,10669.300000143052,0,0,,Audio Clip,Continue Button,2,object-89,Instructions1,,,,,
5,1719933618204,02/07/2024 15:20:18,1719940818204,2,02/07/2024 19:20:18,86579,59,task-tole,,38690538,280560572509255,11357983,,complete,,,computer,Desktop or Laptop,Windows 10,Chrome 126.0.0.0,1920x1080,1920x919,End study,,0,Audio check male vs. female,9,Speaker Gender M vs. F,,,pass,Consent given,,,Demographics,,,Audio evaluation male vs. female,End study,,,,,Audio check male vs. female,pass,Origin & authenticity male vs. female,,,M_vs._F_12,Spreadsheet1,Spreadsheet1,1,Instructions1,Screen 1,b1zo9t,1,info,audio finished,14094.300000143052,14084.1,14094.300000143052,14094.300000143052,14084.1,14094.300000143052,1,14094.300000143052,0,0,,Audio Clip,Continue Button,2,object-89,Instructions1,,,,,
6,1719933618758,02/07/2024 15:20:18,1719940818758,2,02/07/2024 19:20:18,86579,59,task-tole,,38690538,280560572509255,11357983,,complete,,,computer,Desktop or Laptop,Windows 10,Chrome 126.0.0.0,1920x1080,1920x919,End study,,0,Audio check male vs. female,9,Speaker Gender M vs. F,,,pass,Consent given,,,Demographics,,,Audio evaluation male vs. female,End study,,,,,Audio check male vs. female,pass,Origin & authenticity male vs. female,,,M_vs._F_12,Spreadsheet1,Spreadsheet1,1,Instructions1,Screen 1,b1zo9t,1,info,audio started,14647.7,14634,14647.7,14647.7,14634,14647.7,1,14647.7,0,0,,Audio Clip,Continue Button,2,object-89,Instructions1,,,,,
7,1719933622182,02/07/2024 15:20:22,1719940822182,2,02/07/2024 19:20:22,86579,59,task-tole,,38690538,280560572509255,11357983,,complete,,,computer,Desktop or Laptop,Windows 10,Chrome 126.0.0.0,1920x1080,1920x919,End study,,0,Audio check male vs. female,9,Speaker Gender M vs. F,,,pass,Consent given,,,Demographics,,,Audio evaluation male vs. female,End study,,,,,Audio check male vs. female,pass,Origin & authenticity male vs. female,,,M_vs._F_12,Spreadsheet1,Spreadsheet1,1,Instructions1,Screen 1,b1zo9t,1,info,audio finished,18071.600000095368,18067.5,18071.600000095368,18071.600000095368,18067.5,18071.600000095368,1,18071.600000095368,0,0,,Audio Clip,Continue Button,2,object-89,Instructions1,,,,,
8,1719933622656,02/07/2024 15:20:22,1719940822656,2,02/07/2024 19:20:22,86579,59,task-tole,,38690538,280560572509255,11357983,,complete,,,computer,Desktop or Laptop,Windows 10,Chrome 126.0.0.0,1920x1080,1920x919,End study,,0,Audio check male vs. female,9,Speaker Gender M vs. F,,,pass,Consent given,,,Demographics,,,Audio evaluation male vs. female,End study,,,,,Audio check male vs. female,pass,Origin & authenticity male vs. female,,,M_vs._F_12,Spreadsheet1,Spreadsheet1,1,Instructions1,Screen 1,b1zo9t,1,response,continue,18545.7,18534.600000000002,18545.7,18545.7,18534.600000000002,18545.7,1,18545.7,0,0,,Click Response,Continue Button,4,object-4,Instructions1,,1,,,
9,1719933625934,02/07/2024 15:20:25,1719940825934,2,02/07/2024 19:20:25,86579,59,task-tole,,38690538,280560572509255,11357983,,complete,,,computer,Desktop or Laptop,Windows 10,Chrome 126.0.0.0,1920x1080,1920x919,End study,,0,Audio check male vs. female,9,Speaker Gender M vs. F,,,pass,Consent given,,,Demographics,,,Audio evaluation male vs. female,End study,,,,,Audio check male vs. female,pass,Origin & authenticity male vs. female,,,M_vs._F_12,Spreadsheet1,Spreadsheet1,1,Instructions1,Screen 2,s26p9w,2,info,audio started,3289.000000095366,3283.5,3289.000000095366,3289.000000095366,3283.5,3289.000000095366,1,3289.000000095366,0,0,,Audio Clip,Audio,3,object-94,Instructions1,,1,,,
10,1719933629355,02/07/2024 15:20:29,1719940829355,2,02/07/2024 19:20:29,86579,59,task-tole,,38690538,280560572509255,11357983,,complete,,,computer,Desktop or Laptop,Windows 10,Chrome 126.0.0.0,1920x1080,1920x919,End study,,0,Audio check male vs. female,9,Speaker Gender M vs. F,,,pass,Consent given,,,Demographics,,,Audio evaluation male vs. female,End study,,,,,Audio check male vs. female,pass,Origin & authenticity male vs. female,,,M_vs._F_12,Spreadsheet1,Spreadsheet1,1,Instructions1,Screen 2,s26p9w,2,info,audio finished,6710.500000095366,6700.199999999997,6710.500000095366,6710.500000095366,6700.199999999997,6710.500000095366,1,6710.500000095366,0,0,,Audio Clip,Audio,3,object-94,Instructions1,,1,,,
11,1719933633890,02/07/2024 15:20:33,1719940833890,2,02/07/2024 19:20:33,86579,59,task-tole,,38690538,280560572509255,11357983,,complete,,,computer,Desktop or Laptop,Windows 10,Chrome 126.0.0.0,1920x1080,1920x919,End study,,0,Audio check male vs. female,9,Speaker Gender M vs. F,,,pass,Consent given,,,Demographics,,,Audio evaluation male vs. female,End study,,,,,Audio check male vs. female,pass,Origin & authenticity male vs. female,,,M_vs._F_12,Spreadsheet1,Spreadsheet1,1,Instructions1,Screen 2,s26p9w,2,response,continue,11244.899999952315,11233.899999999998,11244.899999952315,11244.899999952315,11233.899999999998,11244.899999952315,1,11244.899999952315,0,0,ResponseProgress,Click Response,Continue Button,2,object-93,Instructions1,,2,,,
12,1719933633890,02/07/2024 15:20:33,1719940833890,2,02/07/2024 19:20:33,86579,59,task-tole,,38690538,280560572509255,11357983,,complete,,,computer,Desktop or Laptop,Windows 10,Chrome 126.0.0.0,1920x1080,1920x919,End study,,0,Audio check male vs. female,9,Speaker Gender M vs. F,,,pass,Consent given,,,Demographics,,,Audio evaluation male vs. female,End study,,,,,Audio check male vs. female,pass,Origin & authenticity male vs. female,,,M_vs._F_12,Spreadsheet1,Spreadsheet1,1,Instructions1,Screen 2,s26p9w,2,response,Ja,6183.5999999999985,11233.899999999998,11245.500000095366,6183.5999999999985,11233.899999999998,11245.500000095366,1,6183.5999999999985,5061.900000095367,0,AudioCheck1,Dropdown,Dropdown,7,object-20,Instructions1,,2,Ja,,
13,1719933633890,02/07/2024 15:20:33,1719940833890,2,02/07/2024 19:20:33,86579,59,task-tole,,38690538,280560572509255,11357983,,complete,,,computer,Desktop or Laptop,Windows 10,Chrome 126.0.0.0,1920x1080,1920x919,End study,,0,Audio check male vs. female,9,Speaker Gender M vs. F,,,pass,Consent given,,,Demographics,,,Audio evaluation male vs. female,End study,,,,,Audio check male vs. female,pass,Origin & authenticity male vs. female,,,M_vs._F_12,Spreadsheet1,Spreadsheet1,1,Instructions1,Screen 2,s26p9w,2,response,Ja,9800.3,11233.899999999998,11245.70000014305,9800.3,11233.899999999998,11245.70000014305,1,9800.3,1445.4000001430504,0,AudioCheck2,Dropdown,Dropdown,8,object-21,Instructions1,,2,Ja,Ja,
14,1719933633897,02/07/2024 15:20:33,1719940833897,2,02/07/2024 19:20:33,86579,59,task-tole,,38690538,280560572509255,11357983,,complete,,,computer,Desktop or Laptop,Windows 10,Chrome 126.0.0.0,1920x1080,1920x919,End study,,0,Audio check male vs. female,9,Speaker Gender M vs. F,,,pass,Consent given,,,Demographics,,,Audio evaluation male vs. female,End study,,,,,Audio check male vs. female,pass,Origin & authenticity male vs. female,,,M_vs._F_12,Spreadsheet1,Spreadsheet1,1,Instructions1,Screen 3,p7z98f,3,timedOut,,17.99999995231701,16.400000000001455,17.99999995231701,17.99999995231701,16.400000000001455,17.99999995231701,1,17.99999995231701,0,0,,Time Limit,screen,0,screen,Instructions1,,2,Ja,Ja,2
15,1719933633897,02/07/2024 15:20:33,1719940833897,2,02/07/2024 19:20:33,86579,59,task-tole,,38690538,280560572509255,11357983,,complete,,,computer,Desktop or Laptop,Windows 10,Chrome 126.0.0.0,1920x1080,1920x919,End study,,0,Audio check male vs. female,9,Speaker Gender M vs. F,,,pass,Consent given,,,Demographics,,,Audio evaluation male vs. female,End study,,,,,Audio check male vs. female,pass,Origin & authenticity male vs. female,,,M_vs._F_12,Spreadsheet1,Spreadsheet1,,,,,,info,END,,,,,,,0,,,,,,,,,,,,,,
1,1719934592476,02/07/2024 15:36:32,1719941792476,2,02/07/2024 19:36:32,86579,59,task-tole,,38692277,280560572502209,11358503,,complete,,,computer,Desktop or Laptop,Windows 10,Firefox 127.0,1920x1080,1906x926,End study,,0,Audio check male vs. female,9,Speaker Gender M vs. F,,,pass,Consent given,,,Demographics,,,Audio evaluation male vs. female,End study,,,,,Audio check male vs. female,pass,Origin & authenticity male vs. female,,,M_vs._F_32,Spreadsheet1,Spreadsheet1,,,,,,info,BEGIN,,,,,,,0,,,,,,,,,,,,,,
2,1719934597758,02/07/2024 15:36:37,1719941797758,2,02/07/2024 19:36:37,86579,59,task-tole,,38692277,280560572502209,11358503,,complete,,,computer,Desktop or Laptop,Windows 10,Firefox 127.0,1920x1080,1906x926,End study,,0,Audio check male vs. female,9,Speaker Gender M vs. F,,,pass,Consent given,,,Demographics,,,Audio evaluation male vs. female,End study,,,,,Audio check male vs. female,pass,Origin & authenticity male vs. female,,,M_vs._F_32,Spreadsheet1,Spreadsheet1,1,Instructions1,Screen 1,b1zo9t,1,info,audio started,4859.44,4849.999999999999,4859.44,4859.44,4849.999999999999,4859.44,1,4859.44,0,0,,Audio Clip,Continue Button,2,object-89,Instructions1,,,,,
3,1719934601322,02/07/2024 15:36:41,1719941801322,2,02/07/2024 19:36:41,86579,59,task-tole,,38692277,280560572502209,11358503,,complete,,,computer,Desktop or Laptop,Windows 10,Firefox 127.0,1920x1080,1906x926,End study,,0,Audio check male vs. female,9,Speaker Gender M vs. F,,,pass,Consent given,,,Demographics,,,Audio evaluation male vs. female,End study,,,,,Audio check male vs. female,pass,Origin & authenticity male vs. female,,,M_vs._F_32,Spreadsheet1,Spreadsheet1,1,Instructions1,Screen 1,b1zo9t,1,info,audio finished,8423.439999999999,8416.66,8423.439999999999,8423.439999999999,8416.66,8423.439999999999,1,8423.439999999999,0,0,,Audio Clip,Continue Button,2,object-89,Instructions1,,,,,
4,1719934605847,02/07/2024 15:36:45,1719941805847,2,02/07/2024 19:36:45,86579,59,task-tole,,38692277,280560572502209,11358503,,complete,,,computer,Desktop or Laptop,Windows 10,Firefox 127.0,1920x1080,1906x926,End study,,0,Audio check male vs. female,9,Speaker Gender M vs. F,,,pass,Consent given,,,Demographics,,,Audio evaluation male vs. female,End study,,,,,Audio check male vs. female,pass,Origin & authenticity male vs. female,,,M_vs._F_32,Spreadsheet1,Spreadsheet1,1,Instructions1,Screen 1,b1zo9t,1,response,continue,12947.439999999999,12933.32,12947.439999999999,12947.439999999999,12933.32,12947.439999999999,1,12947.439999999999,0,0,,Click Response,Continue Button,4,object-4,Instructions1,,1,,,
5,1719934615048,02/07/2024 15:36:55,1719941815048,2,02/07/2024 19:36:55,86579,59,task-tole,,38692277,280560572502209,11358503,,complete,,,computer,Desktop or Laptop,Windows 10,Firefox 127.0,1920x1080,1906x926,End study,,0,Audio check male vs. female,9,Speaker Gender M vs. F,,,pass,Consent given,,,Demographics,,,Audio evaluation male vs. female,End study,,,,,Audio check male vs. female,pass,Origin & authenticity male vs. female,,,M_vs._F_32,Spreadsheet1,Spreadsheet1,1,Instructions1,Screen 2,s26p9w,2,response,continue,9214.119999999999,9200,9214.119999999999,9214.119999999999,9200,9214.119999999999,1,9214.119999999999,0,0,ResponseProgress,Click Response,Continue Button,2,object-93,Instructions1,,2,,,
6,1719934615050,02/07/2024 15:36:55,1719941815050,2,02/07/2024 19:36:55,86579,59,task-tole,,38692277,280560572502209,11358503,,complete,,,computer,Desktop or Laptop,Windows 10,Firefox 127.0,1920x1080,1906x926,End study,,0,Audio check male vs. female,9,Speaker Gender M vs. F,,,pass,Consent given,,,Demographics,,,Audio evaluation male vs. female,End study,,,,,Audio check male vs. female,pass,Origin & authenticity male vs. female,,,M_vs._F_32,Spreadsheet1,Spreadsheet1,1,Instructions1,Screen 2,s26p9w,2,response,Ja,4633.34,9200,9216.66,4633.34,9200,9216.66,1,4633.34,4583.32,0,AudioCheck1,Dropdown,Dropdown,7,object-20,Instructions1,,2,Ja,,
7,1719934615051,02/07/2024 15:36:55,1719941815051,2,02/07/2024 19:36:55,86579,59,task-tole,,38692277,280560572502209,11358503,,complete,,,computer,Desktop or Laptop,Windows 10,Firefox 127.0,1920x1080,1906x926,End study,,0,Audio check male vs. female,9,Speaker Gender M vs. F,,,pass,Consent given,,,Demographics,,,Audio evaluation male vs. female,End study,,,,,Audio check male vs. female,pass,Origin & authenticity male vs. female,,,M_vs._F_32,Spreadsheet1,Spreadsheet1,1,Instructions1,Screen 2,s26p9w,2,response,Ja,8266.68,9200,9216.66,8266.68,9200,9216.66,1,8266.68,949.9799999999996,0,AudioCheck2,Dropdown,Dropdown,8,object-21,Instructions1,,2,Ja,Ja,
8,1719934615058,02/07/2024 15:36:55,1719941815058,2,02/07/2024 19:36:55,86579,59,task-tole,,38692277,280560572502209,11358503,,complete,,,computer,Desktop or Laptop,Windows 10,Firefox 127.0,1920x1080,1906x926,End study,,0,Audio check male vs. female,9,Speaker Gender M vs. F,,,pass,Consent given,,,Demographics,,,Audio evaluation male vs. female,End study,,,,,Audio check male vs. female,pass,Origin & authenticity male vs. female,,,M_vs._F_32,Spreadsheet1,Spreadsheet1,1,Instructions1,Screen 3,p7z98f,3,timedOut,,26.11999999999898,16.68000000000029,26.11999999999898,26.11999999999898,16.68000000000029,26.11999999999898,1,26.11999999999898,0,0,,Time Limit,screen,0,screen,Instructions1,,2,Ja,Ja,2
9,1719934615060,02/07/2024 15:36:55,1719941815060,2,02/07/2024 19:36:55,86579,59,task-tole,,38692277,280560572502209,11358503,,complete,,,computer,Desktop or Laptop,Windows 10,Firefox 127.0,1920x1080,1906x926,End study,,0,Audio check male vs. female,9,Speaker Gender M vs. F,,,pass,Consent given,,,Demographics,,,Audio evaluation male vs. female,End study,,,,,Audio check male vs. female,pass,Origin & authenticity male vs. female,,,M_vs._F_32,Spreadsheet1,Spreadsheet1,,,,,,info,END,,,,,,,0,,,,,,,,,,,,,,
1,1719937702676,02/07/2024 16:28:22,1719948502676,3,02/07/2024 22:28:22,86579,59,task-tole,,38696371,280560572528894,11359154,,complete,,,computer,Desktop or Laptop,Linux x86_64,Chrome 124.0.0.0,360x806,980x1595,End study,,0,Audio check male vs. female,9,Speaker Gender M vs. F,,,pass,Consent given,,,Demographics,,,Audio evaluation male vs. female,End study,,,,,Audio check male vs. female,pass,Origin & authenticity male vs. female,,,M_vs._F_17,Spreadsheet1,Spreadsheet1,,,,,,info,BEGIN,,,,,,,0,,,,,,,,,,,,,,
2,1719937723290,02/07/2024 16:28:43,1719948523290,3,02/07/2024 22:28:43,86579,59,task-tole,,38696371,280560572528894,11359154,,complete,,,computer,Desktop or Laptop,Linux x86_64,Chrome 124.0.0.0,360x806,980x1595,End study,,0,Audio check male vs. female,9,Speaker Gender M vs. F,,,pass,Consent given,,,Demographics,,,Audio evaluation male vs. female,End study,,,,,Audio check male vs. female,pass,Origin & authenticity male vs. female,,,M_vs._F_17,Spreadsheet1,Spreadsheet1,1,Instructions1,Screen 1,b1zo9t,1,info,audio started,19643.7,19627.100000000002,19643.7,19643.7,19627.100000000002,19643.7,1,19643.7,0,0,,Audio Clip,Continue Button,2,object-89,Instructions1,,,,,
3,1719937726709,02/07/2024 16:28:46,1719948526709,3,02/07/2024 22:28:46,86579,59,task-tole,,38696371,280560572528894,11359154,,complete,,,computer,Desktop or Laptop,Linux x86_64,Chrome 124.0.0.0,360x806,980x1595,End study,,0,Audio check male vs. female,9,Speaker Gender M vs. F,,,pass,Consent given,,,Demographics,,,Audio evaluation male vs. female,End study,,,,,Audio check male vs. female,pass,Origin & authenticity male vs. female,,,M_vs._F_17,Spreadsheet1,Spreadsheet1,1,Instructions1,Screen 1,b1zo9t,1,info,audio finished,23095.800000000007,23079.100000000002,23095.800000000007,23095.800000000007,23079.100000000002,23095.800000000007,1,23095.800000000007,0,0,,Audio Clip,Continue Button,2,object-89,Instructions1,,,,,
4,1719937727484,02/07/2024 16:28:47,1719948527484,3,02/07/2024 22:28:47,86579,59,task-tole,,38696371,280560572528894,11359154,,complete,,,computer,Desktop or Laptop,Linux x86_64,Chrome 124.0.0.0,360x806,980x1595,End study,,0,Audio check male vs. female,9,Speaker Gender M vs. F,,,pass,Consent given,,,Demographics,,,Audio evaluation male vs. female,End study,,,,,Audio check male vs. female,pass,Origin & authenticity male vs. female,,,M_vs._F_17,Spreadsheet1,Spreadsheet1,1,Instructions1,Screen 1,b1zo9t,1,info,audio started,23872.600000095368,23862.899999999998,23872.600000095368,23872.600000095368,23862.899999999998,23872.600000095368,1,23872.600000095368,0,0,,Audio Clip,Continue Button,2,object-89,Instructions1,,,,,
5,1719937730906,02/07/2024 16:28:50,1719948530906,3,02/07/2024 22:28:50,86579,59,task-tole,,38696371,280560572528894,11359154,,complete,,,computer,Desktop or Laptop,Linux x86_64,Chrome 124.0.0.0,360x806,980x1595,End study,,0,Audio check male vs. female,9,Speaker Gender M vs. F,,,pass,Consent given,,,Demographics,,,Audio evaluation male vs. female,End study,,,,,Audio check male vs. female,pass,Origin & authenticity male vs. female,,,M_vs._F_17,Spreadsheet1,Spreadsheet1,1,Instructions1,Screen 1,b1zo9t,1,info,audio finished,27294.500000190736,27281.100000000002,27294.500000190736,27294.500000190736,27281.100000000002,27294.500000190736,1,27294.500000190736,0,0,,Audio Clip,Continue Button,2,object-89,Instructions1,,,,,
6,1719937747361,02/07/2024 16:29:07,1719948547361,3,02/07/2024 22:29:07,86579,59,task-tole,,38696371,280560572528894,11359154,,complete,,,computer,Desktop or Laptop,Linux x86_64,Chrome 124.0.0.0,360x806,980x1595,End study,,0,Audio check male vs. female,9,Speaker Gender M vs. F,,,pass,Consent given,,,Demographics,,,Audio evaluation male vs. female,End study,,,,,Audio check male vs. female,pass,Origin & authenticity male vs. female,,,M_vs._F_17,Spreadsheet1,Spreadsheet1,1,Instructions1,Screen 1,b1zo9t,1,info,audio started,43749.4000002861,43740.5,43749.4000002861,43749.4000002861,43740.5,43749.4000002861,1,43749.4000002861,0,0,,Audio Clip,Continue Button,2,object-89,Instructions1,,,,,
7,1719937750782,02/07/2024 16:29:10,1719948550782,3,02/07/2024 22:29:10,86579,59,task-tole,,38696371,280560572528894,11359154,,complete,,,computer,Desktop or Laptop,Linux x86_64,Chrome 124.0.0.0,360x806,980x1595,End study,,0,Audio check male vs. female,9,Speaker Gender M vs. F,,,pass,Consent given,,,Demographics,,,Audio evaluation male vs. female,End study,,,,,Audio check male vs. female,pass,Origin & authenticity male vs. female,,,M_vs._F_17,Spreadsheet1,Spreadsheet1,1,Instructions1,Screen 1,b1zo9t,1,info,audio finished,47171.100000095365,47158.5,47171.100000095365,47171.100000095365,47158.5,47171.100000095365,1,47171.100000095365,0,0,,Audio Clip,Continue Button,2,object-89,Instructions1,,,,,
8,1719937753714,02/07/2024 16:29:13,1719948553714,3,02/07/2024 22:29:13,86579,59,task-tole,,38696371,280560572528894,11359154,,complete,,,computer,Desktop or Laptop,Linux x86_64,Chrome 124.0.0.0,360x806,980x1595,End study,,0,Audio check male vs. female,9,Speaker Gender M vs. F,,,pass,Consent given,,,Demographics,,,Audio evaluation male vs. female,End study,,,,,Audio check male vs. female,pass,Origin & authenticity male vs. female,,,M_vs._F_17,Spreadsheet1,Spreadsheet1,1,Instructions1,Screen 1,b1zo9t,1,info,audio started,50103.100000095365,50094.09999999999,50103.100000095365,50103.100000095365,50094.09999999999,50103.100000095365,1,50103.100000095365,0,0,,Audio Clip,Continue Button,2,object-89,Instructions1,,,,,
9,1719937757136,02/07/2024 16:29:17,1719948557136,3,02/07/2024 22:29:17,86579,59,task-tole,,38696371,280560572528894,11359154,,complete,,,computer,Desktop or Laptop,Linux x86_64,Chrome 124.0.0.0,360x806,980x1595,End study,,0,Audio check male vs. female,9,Speaker Gender M vs. F,,,pass,Consent given,,,Demographics,,,Audio evaluation male vs. female,End study,,,,,Audio check male vs. female,pass,Origin & authenticity male vs. female,,,M_vs._F_17,Spreadsheet1,Spreadsheet1,1,Instructions1,Screen 1,b1zo9t,1,info,audio finished,53525.100000095365,53512.09999999999,53525.100000095365,53525.100000095365,53512.09999999999,53525.100000095365,1,53525.100000095365,0,0,,Audio Clip,Continue Button,2,object-89,Instructions1,,,,,
10,1719937759148,02/07/2024 16:29:19,1719948559148,3,02/07/2024 22:29:19,86579,59,task-tole,,38696371,280560572528894,11359154,,complete,,,computer,Desktop or Laptop,Linux x86_64,Chrome 124.0.0.0,360x806,980x1595,End study,,0,Audio check male vs. female,9,Speaker Gender M vs. F,,,pass,Consent given,,,Demographics,,,Audio evaluation male vs. female,End study,,,,,Audio check male vs. female,pass,Origin & authenticity male vs. female,,,M_vs._F_17,Spreadsheet1,Spreadsheet1,1,Instructions1,Screen 1,b1zo9t,1,response,continue,55529.59999999999,55512.899999999994,55529.59999999999,55529.59999999999,55512.899999999994,55529.59999999999,1,55529.59999999999,0,0,,Click Response,Continue Button,4,object-4,Instructions1,,1,,,
11,1719937762304,02/07/2024 16:29:22,1719948562304,3,02/07/2024 22:29:22,86579,59,task-tole,,38696371,280560572528894,11359154,,complete,,,computer,Desktop or Laptop,Linux x86_64,Chrome 124.0.0.0,360x806,980x1595,End study,,0,Audio check male vs. female,9,Speaker Gender M vs. F,,,pass,Consent given,,,Demographics,,,Audio evaluation male vs. female,End study,,,,,Audio check male vs. female,pass,Origin & authenticity male vs. female,,,M_vs._F_17,Spreadsheet1,Spreadsheet1,1,Instructions1,Screen 2,s26p9w,2,info,audio started,3179.4000003814726,3168.699999999997,3179.4000003814726,3179.4000003814726,3168.699999999997,3179.4000003814726,1,3179.4000003814726,0,0,,Audio Clip,Audio,3,object-94,Instructions1,,1,,,
12,1719937765725,02/07/2024 16:29:25,1719948565725,3,02/07/2024 22:29:25,86579,59,task-tole,,38696371,280560572528894,11359154,,complete,,,computer,Desktop or Laptop,Linux x86_64,Chrome 124.0.0.0,360x806,980x1595,End study,,0,Audio check male vs. female,9,Speaker Gender M vs. F,,,pass,Consent given,,,Demographics,,,Audio evaluation male vs. female,End study,,,,,Audio check male vs. female,pass,Origin & authenticity male vs. female,,,M_vs._F_17,Spreadsheet1,Spreadsheet1,1,Instructions1,Screen 2,s26p9w,2,info,audio finished,6601.000000286105,6587.100000000006,6601.000000286105,6601.000000286105,6587.100000000006,6601.000000286105,1,6601.000000286105,0,0,,Audio Clip,Audio,3,object-94,Instructions1,,1,,,
13,1719937782547,02/07/2024 16:29:42,1719948582547,3,02/07/2024 22:29:42,86579,59,task-tole,,38696371,280560572528894,11359154,,complete,,,computer,Desktop or Laptop,Linux x86_64,Chrome 124.0.0.0,360x806,980x1595,End study,,0,Audio check male vs. female,9,Speaker Gender M vs. F,,,pass,Consent given,,,Demographics,,,Audio evaluation male vs. female,End study,,,,,Audio check male vs. female,pass,Origin & authenticity male vs. female,,,M_vs._F_17,Spreadsheet1,Spreadsheet1,1,Instructions1,Screen 2,s26p9w,2,response,continue,23405.000000286105,23396.300000000003,23405.000000286105,23405.000000286105,23396.300000000003,23405.000000286105,1,23405.000000286105,0,0,ResponseProgress,Click Response,Continue Button,2,object-93,Instructions1,,2,,,
14,1719937782559,02/07/2024 16:29:42,1719948582559,3,02/07/2024 22:29:42,86579,59,task-tole,,38696371,280560572528894,11359154,,complete,,,computer,Desktop or Laptop,Linux x86_64,Chrome 124.0.0.0,360x806,980x1595,End study,,0,Audio check male vs. female,9,Speaker Gender M vs. F,,,pass,Consent given,,,Demographics,,,Audio evaluation male vs. female,End study,,,,,Audio check male vs. female,pass,Origin & authenticity male vs. female,,,M_vs._F_17,Spreadsheet1,Spreadsheet1,1,Instructions1,Screen 2,s26p9w,2,response,Ja,18977.199999999997,23396.300000000003,23412.800000000003,18977.199999999997,23396.300000000003,23412.800000000003,1,18977.199999999997,4435.600000000006,0,AudioCheck1,Dropdown,Dropdown,7,object-20,Instructions1,,2,Ja,,
15,1719937782561,02/07/2024 16:29:42,1719948582561,3,02/07/2024 22:29:42,86579,59,task-tole,,38696371,280560572528894,11359154,,complete,,,computer,Desktop or Laptop,Linux x86_64,Chrome 124.0.0.0,360x806,980x1595,End study,,0,Audio check male vs. female,9,Speaker Gender M vs. F,,,pass,Consent given,,,Demographics,,,Audio evaluation male vs. female,End study,,,,,Audio check male vs. female,pass,Origin & authenticity male vs. female,,,M_vs._F_17,Spreadsheet1,Spreadsheet1,1,Instructions1,Screen 2,s26p9w,2,response,Ja,22595.699999999997,23396.300000000003,23412.800000000003,22595.699999999997,23396.300000000003,23412.800000000003,1,22595.699999999997,817.1000000000058,0,AudioCheck2,Dropdown,Dropdown,8,object-21,Instructions1,,2,Ja,Ja,
16,1719937782580,02/07/2024 16:29:42,1719948582580,3,02/07/2024 22:29:42,86579,59,task-tole,,38696371,280560572528894,11359154,,complete,,,computer,Desktop or Laptop,Linux x86_64,Chrome 124.0.0.0,360x806,980x1595,End study,,0,Audio check male vs. female,9,Speaker Gender M vs. F,,,pass,Consent given,,,Demographics,,,Audio evaluation male vs. female,End study,,,,,Audio check male vs. female,pass,Origin & authenticity male vs. female,,,M_vs._F_17,Spreadsheet1,Spreadsheet1,1,Instructions1,Screen 3,p7z98f,3,timedOut,,33.60000000000582,16.80000000000291,33.60000000000582,33.60000000000582,16.80000000000291,33.60000000000582,1,33.60000000000582,0,0,,Time Limit,screen,0,screen,Instructions1,,2,Ja,Ja,2
17,1719937782586,02/07/2024 16:29:42,1719948582586,3,02/07/2024 22:29:42,86579,59,task-tole,,38696371,280560572528894,11359154,,complete,,,computer,Desktop or Laptop,Linux x86_64,Chrome 124.0.0.0,360x806,980x1595,End study,,0,Audio check male vs. female,9,Speaker Gender M vs. F,,,pass,Consent given,,,Demographics,,,Audio evaluation male vs. female,End study,,,,,Audio check male vs. female,pass,Origin & authenticity male vs. female,,,M_vs._F_17,Spreadsheet1,Spreadsheet1,,,,,,info,END,,,,,,,0,,,,,,,,,,,,,,
1,1719941325923,02/07/2024 17:28:45,1719948525923,2,02/07/2024 21:28:45,86579,59,task-tole,,38700698,280560572503248,11359930,,complete,,,computer,Desktop or Laptop,Windows 10,Edge 126.0.0.0,2560x1440,2512x1318,End study,,0,Audio check male vs. female,9,Speaker Gender M vs. F,,,pass,Consent given,,,Demographics,,,Audio evaluation male vs. female,End study,,,,,Audio check male vs. female,pass,Origin & authenticity male vs. female,,,M_vs._F_9,Spreadsheet1,Spreadsheet1,,,,,,info,BEGIN,,,,,,,0,,,,,,,,,,,,,,
2,1719941327215,02/07/2024 17:28:47,1719948527215,2,02/07/2024 21:28:47,86579,59,task-tole,,38700698,280560572503248,11359930,,complete,,,computer,Desktop or Laptop,Windows 10,Edge 126.0.0.0,2560x1440,2512x1318,End study,,0,Audio check male vs. female,9,Speaker Gender M vs. F,,,pass,Consent given,,,Demographics,,,Audio evaluation male vs. female,End study,,,,,Audio check male vs. female,pass,Origin & authenticity male vs. female,,,M_vs._F_9,Spreadsheet1,Spreadsheet1,1,Instructions1,Screen 1,b1zo9t,1,info,audio started,975.4000000000058,966.7,975.4000000000058,975.4000000000058,966.7,975.4000000000058,1,975.4000000000058,0,0,,Audio Clip,Continue Button,2,object-89,Instructions1,,,,,
3,1719941330636,02/07/2024 17:28:50,1719948530636,2,02/07/2024 21:28:50,86579,59,task-tole,,38700698,280560572503248,11359930,,complete,,,computer,Desktop or Laptop,Windows 10,Edge 126.0.0.0,2560x1440,2512x1318,End study,,0,Audio check male vs. female,9,Speaker Gender M vs. F,,,pass,Consent given,,,Demographics,,,Audio evaluation male vs. female,End study,,,,,Audio check male vs. female,pass,Origin & authenticity male vs. female,,,M_vs._F_9,Spreadsheet1,Spreadsheet1,1,Instructions1,Screen 1,b1zo9t,1,info,audio finished,4397.000000000012,4385.2,4397.000000000012,4397.000000000012,4385.2,4397.000000000012,1,4397.000000000012,0,0,,Audio Clip,Continue Button,2,object-89,Instructions1,,,,,
4,1719941332212,02/07/2024 17:28:52,1719948532212,2,02/07/2024 21:28:52,86579,59,task-tole,,38700698,280560572503248,11359930,,complete,,,computer,Desktop or Laptop,Windows 10,Edge 126.0.0.0,2560x1440,2512x1318,End study,,0,Audio check male vs. female,9,Speaker Gender M vs. F,,,pass,Consent given,,,Demographics,,,Audio evaluation male vs. female,End study,,,,,Audio check male vs. female,pass,Origin & authenticity male vs. female,,,M_vs._F_9,Spreadsheet1,Spreadsheet1,1,Instructions1,Screen 1,b1zo9t,1,response,continue,5973.000000000012,5969,5973.000000000012,5973.000000000012,5969,5973.000000000012,1,5973.000000000012,0,0,,Click Response,Continue Button,4,object-4,Instructions1,,1,,,
5,1719941342160,02/07/2024 17:29:02,1719948542160,2,02/07/2024 21:29:02,86579,59,task-tole,,38700698,280560572503248,11359930,,complete,,,computer,Desktop or Laptop,Windows 10,Edge 126.0.0.0,2560x1440,2512x1318,End study,,0,Audio check male vs. female,9,Speaker Gender M vs. F,,,pass,Consent given,,,Demographics,,,Audio evaluation male vs. female,End study,,,,,Audio check male vs. female,pass,Origin & authenticity male vs. female,,,M_vs._F_9,Spreadsheet1,Spreadsheet1,1,Instructions1,Screen 2,s26p9w,2,response,continue,9951.399999999976,9947.8,9951.399999999976,9951.399999999976,9947.8,9951.399999999976,1,9951.399999999976,0,0,ResponseProgress,Click Response,Continue Button,2,object-93,Instructions1,,2,,,
6,1719941342161,02/07/2024 17:29:02,1719948542161,2,02/07/2024 21:29:02,86579,59,task-tole,,38700698,280560572503248,11359930,,complete,,,computer,Desktop or Laptop,Windows 10,Edge 126.0.0.0,2560x1440,2512x1318,End study,,0,Audio check male vs. female,9,Speaker Gender M vs. F,,,pass,Consent given,,,Demographics,,,Audio evaluation male vs. female,End study,,,,,Audio check male vs. female,pass,Origin & authenticity male vs. female,,,M_vs._F_9,Spreadsheet1,Spreadsheet1,1,Instructions1,Screen 2,s26p9w,2,response,Ja,4015.4000000000005,9947.8,9953.099999999988,4015.4000000000005,9947.8,9953.099999999988,1,4015.4000000000005,5937.699999999987,0,AudioCheck1,Dropdown,Dropdown,7,object-20,Instructions1,,2,Ja,,
7,1719941342161,02/07/2024 17:29:02,1719948542161,2,02/07/2024 21:29:02,86579,59,task-tole,,38700698,280560572503248,11359930,,complete,,,computer,Desktop or Laptop,Windows 10,Edge 126.0.0.0,2560x1440,2512x1318,End study,,0,Audio check male vs. female,9,Speaker Gender M vs. F,,,pass,Consent given,,,Demographics,,,Audio evaluation male vs. female,End study,,,,,Audio check male vs. female,pass,Origin & authenticity male vs. female,,,M_vs._F_9,Spreadsheet1,Spreadsheet1,1,Instructions1,Screen 2,s26p9w,2,response,Ja,8814.599999999999,9947.8,9953.399999999976,8814.599999999999,9947.8,9953.399999999976,1,8814.599999999999,1138.7999999999774,0,AudioCheck2,Dropdown,Dropdown,8,object-21,Instructions1,,2,Ja,Ja,
8,1719941342174,02/07/2024 17:29:02,1719948542174,2,02/07/2024 21:29:02,86579,59,task-tole,,38700698,280560572503248,11359930,,complete,,,computer,Desktop or Laptop,Windows 10,Edge 126.0.0.0,2560x1440,2512x1318,End study,,0,Audio check male vs. female,9,Speaker Gender M vs. F,,,pass,Consent given,,,Demographics,,,Audio evaluation male vs. female,End study,,,,,Audio check male vs. female,pass,Origin & authenticity male vs. female,,,M_vs._F_9,Spreadsheet1,Spreadsheet1,1,Instructions1,Screen 3,p7z98f,3,timedOut,,17.5,16.799999999999272,17.5,17.5,16.799999999999272,17.5,1,17.5,0,0,,Time Limit,screen,0,screen,Instructions1,,2,Ja,Ja,2
9,1719941342174,02/07/2024 17:29:02,1719948542174,2,02/07/2024 21:29:02,86579,59,task-tole,,38700698,280560572503248,11359930,,complete,,,computer,Desktop or Laptop,Windows 10,Edge 126.0.0.0,2560x1440,2512x1318,End study,,0,Audio check male vs. female,9,Speaker Gender M vs. F,,,pass,Consent given,,,Demographics,,,Audio evaluation male vs. female,End study,,,,,Audio check male vs. female,pass,Origin & authenticity male vs. female,,,M_vs._F_9,Spreadsheet1,Spreadsheet1,,,,,,info,END,,,,,,,0,,,,,,,,,,,,,,
1,1719944092600,02/07/2024 18:14:52,1719947692600,1,02/07/2024 20:14:52,86579,59,task-tole,,38703093,280560572517622,11360479,,complete,,,mobile,undefined K,Android 10,Edge 122.0.0.0,360x820,360x632,End study,,0,Audio check male vs. female,9,Speaker Gender M vs. F,,,pass,Consent given,,,Demographics,,,Audio evaluation male vs. female,End study,,,,,Audio check male vs. female,pass,Origin & authenticity male vs. female,,,M_vs._F_15,Spreadsheet1,Spreadsheet1,,,,,,info,BEGIN,,,,,,,0,,,,,,,,,,,,,,
2,1719944103658,02/07/2024 18:15:03,1719947703658,1,02/07/2024 20:15:03,86579,59,task-tole,,38703093,280560572517622,11360479,,complete,,,mobile,undefined K,Android 10,Edge 122.0.0.0,360x820,360x580,End study,,0,Audio check male vs. female,9,Speaker Gender M vs. F,,,pass,Consent given,,,Demographics,,,Audio evaluation male vs. female,End study,,,,,Audio check male vs. female,pass,Origin & authenticity male vs. female,,,M_vs._F_15,Spreadsheet1,Spreadsheet1,1,Instructions1,Screen 1,b1zo9t,1,info,audio started,10201.800000000003,10185.2,10201.800000000003,10201.800000000003,10185.2,10201.800000000003,1,10201.800000000003,0,0,,Audio Clip,Continue Button,2,object-89,Instructions1,,,,,
3,1719944107076,02/07/2024 18:15:07,1719947707076,1,02/07/2024 20:15:07,86579,59,task-tole,,38703093,280560572517622,11360479,,complete,,,mobile,undefined K,Android 10,Edge 122.0.0.0,360x820,360x580,End study,,0,Audio check male vs. female,9,Speaker Gender M vs. F,,,pass,Consent given,,,Demographics,,,Audio evaluation male vs. female,End study,,,,,Audio check male vs. female,pass,Origin & authenticity male vs. female,,,M_vs._F_15,Spreadsheet1,Spreadsheet1,1,Instructions1,Screen 1,b1zo9t,1,info,audio finished,13685.600000071525,13669.7,13685.600000071525,13685.600000071525,13669.7,13685.600000071525,1,13685.600000071525,0,0,,Audio Clip,Continue Button,2,object-89,Instructions1,,,,,
4,1719944110538,02/07/2024 18:15:10,1719947710538,1,02/07/2024 20:15:10,86579,59,task-tole,,38703093,280560572517622,11360479,,complete,,,mobile,undefined K,Android 10,Edge 122.0.0.0,360x820,360x580,End study,,0,Audio check male vs. female,9,Speaker Gender M vs. F,,,pass,Consent given,,,Demographics,,,Audio evaluation male vs. female,End study,,,,,Audio check male vs. female,pass,Origin & authenticity male vs. female,,,M_vs._F_15,Spreadsheet1,Spreadsheet1,1,Instructions1,Screen 1,b1zo9t,1,info,audio started,17148.40000002384,17137.3,17148.40000002384,17148.40000002384,17137.3,17148.40000002384,1,17148.40000002384,0,0,,Audio Clip,Continue Button,2,object-89,Instructions1,,,,,
5,1719944113962,02/07/2024 18:15:13,1719947713962,1,02/07/2024 20:15:13,86579,59,task-tole,,38703093,280560572517622,11360479,,complete,,,mobile,undefined K,Android 10,Edge 122.0.0.0,360x820,360x580,End study,,0,Audio check male vs. female,9,Speaker Gender M vs. F,,,pass,Consent given,,,Demographics,,,Audio evaluation male vs. female,End study,,,,,Audio check male vs. female,pass,Origin & authenticity male vs. female,,,M_vs._F_15,Spreadsheet1,Spreadsheet1,1,Instructions1,Screen 1,b1zo9t,1,info,audio finished,20570.8,20554.1,20570.8,20570.8,20554.1,20570.8,1,20570.8,0,0,,Audio Clip,Continue Button,2,object-89,Instructions1,,,,,
6,1719944119536,02/07/2024 18:15:19,1719947719536,1,02/07/2024 20:15:19,86579,59,task-tole,,38703093,280560572517622,11360479,,complete,,,mobile,undefined K,Android 10,Edge 122.0.0.0,360x820,360x580,End study,,0,Audio check male vs. female,9,Speaker Gender M vs. F,,,pass,Consent given,,,Demographics,,,Audio evaluation male vs. female,End study,,,,,Audio check male vs. female,pass,Origin & authenticity male vs. female,,,M_vs._F_15,Spreadsheet1,Spreadsheet1,1,Instructions1,Screen 1,b1zo9t,1,info,audio started,26146.600000071525,26139.100000000002,26146.600000071525,26146.600000071525,26139.100000000002,26146.600000071525,1,26146.600000071525,0,0,,Audio Clip,Continue Button,2,object-89,Instructions1,,,,,
7,1719944121131,02/07/2024 18:15:21,1719947721131,1,02/07/2024 20:15:21,86579,59,task-tole,,38703093,280560572517622,11360479,,complete,,,mobile,undefined K,Android 10,Edge 122.0.0.0,360x820,360x580,End study,,0,Audio check male vs. female,9,Speaker Gender M vs. F,,,pass,Consent given,,,Demographics,,,Audio evaluation male vs. female,End study,,,,,Audio check male vs. female,pass,Origin & authenticity male vs. female,,,M_vs._F_15,Spreadsheet1,Spreadsheet1,1,Instructions1,Screen 1,b1zo9t,1,response,continue,27739.200000095367,27722.7,27739.200000095367,27739.200000095367,27722.7,27739.200000095367,1,27739.200000095367,0,0,,Click Response,Continue Button,4,object-4,Instructions1,,1,,,
8,1719944129301,02/07/2024 18:15:29,1719947729301,1,02/07/2024 20:15:29,86579,59,task-tole,,38703093,280560572517622,11360479,,complete,,,mobile,undefined K,Android 10,Edge 122.0.0.0,360x820,360x580,End study,,0,Audio check male vs. female,9,Speaker Gender M vs. F,,,pass,Consent given,,,Demographics,,,Audio evaluation male vs. female,End study,,,,,Audio check male vs. female,pass,Origin & authenticity male vs. female,,,M_vs._F_15,Spreadsheet1,Spreadsheet1,1,Instructions1,Screen 2,s26p9w,2,response,continue,8185.299999999996,8168.5999999999985,8185.299999999996,8185.299999999996,8168.5999999999985,8185.299999999996,1,8185.299999999996,0,0,ResponseProgress,Click Response,Continue Button,2,object-93,Instructions1,,2,,,
9,1719944129318,02/07/2024 18:15:29,1719947729318,1,02/07/2024 20:15:29,86579,59,task-tole,,38703093,280560572517622,11360479,,complete,,,mobile,undefined K,Android 10,Edge 122.0.0.0,360x820,360x580,End study,,0,Audio check male vs. female,9,Speaker Gender M vs. F,,,pass,Consent given,,,Demographics,,,Audio evaluation male vs. female,End study,,,,,Audio check male vs. female,pass,Origin & authenticity male vs. female,,,M_vs._F_15,Spreadsheet1,Spreadsheet1,1,Instructions1,Screen 2,s26p9w,2,response,Ja,5867.9000000000015,8168.5999999999985,8185.299999999996,5867.9000000000015,8168.5999999999985,8185.299999999996,1,5867.9000000000015,2317.399999999994,0,AudioCheck1,Dropdown,Dropdown,7,object-20,Instructions1,,2,Ja,,
10,1719944129320,02/07/2024 18:15:29,1719947729320,1,02/07/2024 20:15:29,86579,59,task-tole,,38703093,280560572517622,11360479,,complete,,,mobile,undefined K,Android 10,Edge 122.0.0.0,360x820,360x580,End study,,0,Audio check male vs. female,9,Speaker Gender M vs. F,,,pass,Consent given,,,Demographics,,,Audio evaluation male vs. female,End study,,,,,Audio check male vs. female,pass,Origin & authenticity male vs. female,,,M_vs._F_15,Spreadsheet1,Spreadsheet1,1,Instructions1,Screen 2,s26p9w,2,response,Ja,7801.799999999996,8168.5999999999985,8185.299999999996,7801.799999999996,8168.5999999999985,8185.299999999996,1,7801.799999999996,383.5,0,AudioCheck2,Dropdown,Dropdown,8,object-21,Instructions1,,2,Ja,Ja,
11,1719944129338,02/07/2024 18:15:29,1719947729338,1,02/07/2024 20:15:29,86579,59,task-tole,,38703093,280560572517622,11360479,,complete,,,mobile,undefined K,Android 10,Edge 122.0.0.0,360x820,360x580,End study,,0,Audio check male vs. female,9,Speaker Gender M vs. F,,,pass,Consent given,,,Demographics,,,Audio evaluation male vs. female,End study,,,,,Audio check male vs. female,pass,Origin & authenticity male vs. female,,,M_vs._F_15,Spreadsheet1,Spreadsheet1,1,Instructions1,Screen 3,p7z98f,3,timedOut,,33.19999999999709,16.599999999998545,33.19999999999709,33.19999999999709,16.599999999998545,33.19999999999709,1,33.19999999999709,0,0,,Time Limit,screen,0,screen,Instructions1,,2,Ja,Ja,2
12,1719944129344,02/07/2024 18:15:29,1719947729344,1,02/07/2024 20:15:29,86579,59,task-tole,,38703093,280560572517622,11360479,,complete,,,mobile,undefined K,Android 10,Edge 122.0.0.0,360x820,360x580,End study,,0,Audio check male vs. female,9,Speaker Gender M vs. F,,,pass,Consent given,,,Demographics,,,Audio evaluation male vs. female,End study,,,,,Audio check male vs. female,pass,Origin & authenticity male vs. female,,,M_vs._F_15,Spreadsheet1,Spreadsheet1,,,,,,info,END,,,,,,,0,,,,,,,,,,,,,,
1,1719954940120,02/07/2024 21:15:40,1719962140120,2,03/07/2024 01:15:40,86579,59,task-tole,,38710307,280560572525756,11361935,,complete,,,computer,Desktop or Laptop,Windows 10,Chrome 126.0.0.0,1536x864,1536x703,End study,,0,Audio check male vs. female,9,Speaker Gender M vs. F,,,pass,Consent given,,,Demographics,,,Audio evaluation male vs. female,End study,,,,,Audio check male vs. female,pass,Origin & authenticity male vs. female,,,M_vs._F_23,Spreadsheet1,Spreadsheet1,,,,,,info,BEGIN,,,,,,,0,,,,,,,,,,,,,,
2,1719954946060,02/07/2024 21:15:46,1719962146060,2,03/07/2024 01:15:46,86579,59,task-tole,,38710307,280560572525756,11361935,,complete,,,computer,Desktop or Laptop,Windows 10,Chrome 126.0.0.0,1536x864,1536x703,End study,,0,Audio check male vs. female,9,Speaker Gender M vs. F,,,pass,Consent given,,,Demographics,,,Audio evaluation male vs. female,End study,,,,,Audio check male vs. female,pass,Origin & authenticity male vs. female,,,M_vs._F_23,Spreadsheet1,Spreadsheet1,1,Instructions1,Screen 1,b1zo9t,1,info,audio started,5711.300000190735,5699.3,5711.300000190735,5711.300000190735,5699.3,5711.300000190735,1,5711.300000190735,0,0,,Audio Clip,Continue Button,2,object-89,Instructions1,,,,,
3,1719954949490,02/07/2024 21:15:49,1719962149490,2,03/07/2024 01:15:49,86579,59,task-tole,,38710307,280560572525756,11361935,,complete,,,computer,Desktop or Laptop,Windows 10,Chrome 126.0.0.0,1536x864,1536x703,End study,,0,Audio check male vs. female,9,Speaker Gender M vs. F,,,pass,Consent given,,,Demographics,,,Audio evaluation male vs. female,End study,,,,,Audio check male vs. female,pass,Origin & authenticity male vs. female,,,M_vs._F_23,Spreadsheet1,Spreadsheet1,1,Instructions1,Screen 1,b1zo9t,1,info,audio finished,9141.200000286102,9132.2,9141.200000286102,9141.200000286102,9132.2,9141.200000286102,1,9141.200000286102,0,0,,Audio Clip,Continue Button,2,object-89,Instructions1,,,,,
4,1719954950820,02/07/2024 21:15:50,1719962150820,2,03/07/2024 01:15:50,86579,59,task-tole,,38710307,280560572525756,11361935,,complete,,,computer,Desktop or Laptop,Windows 10,Chrome 126.0.0.0,1536x864,1536x703,End study,,0,Audio check male vs. female,9,Speaker Gender M vs. F,,,pass,Consent given,,,Demographics,,,Audio evaluation male vs. female,End study,,,,,Audio check male vs. female,pass,Origin & authenticity male vs. female,,,M_vs._F_23,Spreadsheet1,Spreadsheet1,1,Instructions1,Screen 1,b1zo9t,1,response,continue,10470.599999904633,10465.4,10470.599999904633,10470.599999904633,10465.4,10470.599999904633,1,10470.599999904633,0,0,,Click Response,Continue Button,4,object-4,Instructions1,,1,,,
5,1719954966807,02/07/2024 21:16:06,1719962166807,2,03/07/2024 01:16:06,86579,59,task-tole,,38710307,280560572525756,11361935,,complete,,,computer,Desktop or Laptop,Windows 10,Chrome 126.0.0.0,1536x864,1536x703,End study,,0,Audio check male vs. female,9,Speaker Gender M vs. F,,,pass,Consent given,,,Demographics,,,Audio evaluation male vs. female,End study,,,,,Audio check male vs. female,pass,Origin & authenticity male vs. female,,,M_vs._F_23,Spreadsheet1,Spreadsheet1,1,Instructions1,Screen 2,s26p9w,2,info,audio started,1833.0999999999985,1816.3999999999996,1833.0999999999985,1833.0999999999985,1816.3999999999996,1833.0999999999985,1,1833.0999999999985,0,0,,Audio Clip,Audio,3,object-94,Instructions1,,1,,,
6,1719954970230,02/07/2024 21:16:10,1719962170230,2,03/07/2024 01:16:10,86579,59,task-tole,,38710307,280560572525756,11361935,,complete,,,computer,Desktop or Laptop,Windows 10,Chrome 126.0.0.0,1536x864,1536x703,End study,,0,Audio check male vs. female,9,Speaker Gender M vs. F,,,pass,Consent given,,,Demographics,,,Audio evaluation male vs. female,End study,,,,,Audio check male vs. female,pass,Origin & authenticity male vs. female,,,M_vs._F_23,Spreadsheet1,Spreadsheet1,1,Instructions1,Screen 2,s26p9w,2,info,audio finished,19416.1,19414.1,19416.1,19416.1,19414.1,19416.1,1,19416.1,0,0,,Audio Clip,Audio,3,object-94,Instructions1,,1,,,
7,1719954973671,02/07/2024 21:16:13,1719962173671,2,03/07/2024 01:16:13,86579,59,task-tole,,38710307,280560572525756,11361935,,complete,,,computer,Desktop or Laptop,Windows 10,Chrome 126.0.0.0,1536x864,1536x703,End study,,0,Audio check male vs. female,9,Speaker Gender M vs. F,,,pass,Consent given,,,Demographics,,,Audio evaluation male vs. female,End study,,,,,Audio check male vs. female,pass,Origin & authenticity male vs. female,,,M_vs._F_23,Spreadsheet1,Spreadsheet1,1,Instructions1,Screen 2,s26p9w,2,response,continue,22846.400000190733,22830.799999999996,22846.400000190733,22846.400000190733,22830.799999999996,22846.400000190733,1,22846.400000190733,0,0,ResponseProgress,Click Response,Continue Button,2,object-93,Instructions1,,2,,,
8,1719954973672,02/07/2024 21:16:13,1719962173672,2,03/07/2024 01:16:13,86579,59,task-tole,,38710307,280560572525756,11361935,,complete,,,computer,Desktop or Laptop,Windows 10,Chrome 126.0.0.0,1536x864,1536x703,End study,,0,Audio check male vs. female,9,Speaker Gender M vs. F,,,pass,Consent given,,,Demographics,,,Audio evaluation male vs. female,End study,,,,,Audio check male vs. female,pass,Origin & authenticity male vs. female,,,M_vs._F_23,Spreadsheet1,Spreadsheet1,1,Instructions1,Screen 2,s26p9w,2,response,Ja,19497.5,22830.799999999996,22847.499999999993,19497.5,22830.799999999996,22847.499999999993,1,19497.5,3349.9999999999927,0,AudioCheck1,Dropdown,Dropdown,7,object-20,Instructions1,,2,Ja,,
9,1719954973672,02/07/2024 21:16:13,1719962173672,2,03/07/2024 01:16:13,86579,59,task-tole,,38710307,280560572525756,11361935,,complete,,,computer,Desktop or Laptop,Windows 10,Chrome 126.0.0.0,1536x864,1536x703,End study,,0,Audio check male vs. female,9,Speaker Gender M vs. F,,,pass,Consent given,,,Demographics,,,Audio evaluation male vs. female,End study,,,,,Audio check male vs. female,pass,Origin & authenticity male vs. female,,,M_vs._F_23,Spreadsheet1,Spreadsheet1,1,Instructions1,Screen 2,s26p9w,2,response,Ja,22047.4,22830.799999999996,22847.499999999993,22047.4,22830.799999999996,22847.499999999993,1,22047.4,800.0999999999913,0,AudioCheck2,Dropdown,Dropdown,8,object-21,Instructions1,,2,Ja,Ja,
10,1719954973676,02/07/2024 21:16:13,1719962173676,2,03/07/2024 01:16:13,86579,59,task-tole,,38710307,280560572525756,11361935,,complete,,,computer,Desktop or Laptop,Windows 10,Chrome 126.0.0.0,1536x864,1536x703,End study,,0,Audio check male vs. female,9,Speaker Gender M vs. F,,,pass,Consent given,,,Demographics,,,Audio evaluation male vs. female,End study,,,,,Audio check male vs. female,pass,Origin & authenticity male vs. female,,,M_vs._F_23,Spreadsheet1,Spreadsheet1,1,Instructions1,Screen 3,p7z98f,3,timedOut,,30.700000095370342,16.60000000000582,30.700000095370342,30.700000095370342,16.60000000000582,30.700000095370342,1,30.700000095370342,0,0,,Time Limit,screen,0,screen,Instructions1,,2,Ja,Ja,2
11,1719954973677,02/07/2024 21:16:13,1719962173677,2,03/07/2024 01:16:13,86579,59,task-tole,,38710307,280560572525756,11361935,,complete,,,computer,Desktop or Laptop,Windows 10,Chrome 126.0.0.0,1536x864,1536x703,End study,,0,Audio check male vs. female,9,Speaker Gender M vs. F,,,pass,Consent given,,,Demographics,,,Audio evaluation male vs. female,End study,,,,,Audio check male vs. female,pass,Origin & authenticity male vs. female,,,M_vs._F_23,Spreadsheet1,Spreadsheet1,,,,,,info,END,,,,,,,0,,,,,,,,,,,,,,
1,1719961497114,02/07/2024 23:04:57,1719968697114,2,03/07/2024 03:04:57,86579,59,task-tole,,38712272,280560572378237,11362514,,complete,,,computer,Desktop or Laptop,Mac OS 10.15.7,Safari 17.5,1440x932,1440x824,End study,,0,Audio check male vs. female,9,Speaker Gender M vs. F,,,pass,Consent given,,,Demographics,,,Audio evaluation male vs. female,End study,,,,,Audio check male vs. female,pass,Origin & authenticity male vs. female,,,M_vs._F_25,Spreadsheet1,Spreadsheet1,,,,,,info,BEGIN,,,,,,,0,,,,,,,,,,,,,,
2,1719961500176,02/07/2024 23:05:00,1719968700176,2,03/07/2024 03:05:00,86579,59,task-tole,,38712272,280560572378237,11362514,,complete,,,computer,Desktop or Laptop,Mac OS 10.15.7,Safari 17.5,1440x932,1440x824,End study,,0,Audio check male vs. female,9,Speaker Gender M vs. F,,,pass,Consent given,,,Demographics,,,Audio evaluation male vs. female,End study,,,,,Audio check male vs. female,pass,Origin & authenticity male vs. female,,,M_vs._F_25,Spreadsheet1,Spreadsheet1,1,Instructions1,Screen 1,b1zo9t,1,info,audio started,2847,2834,2847,2847,2834,2847,1,2847,0,0,,Audio Clip,Continue Button,2,object-89,Instructions1,,,,,
3,1719961503626,02/07/2024 23:05:03,1719968703626,2,03/07/2024 03:05:03,86579,59,task-tole,,38712272,280560572378237,11362514,,complete,,,computer,Desktop or Laptop,Mac OS 10.15.7,Safari 17.5,1440x932,1440x824,End study,,0,Audio check male vs. female,9,Speaker Gender M vs. F,,,pass,Consent given,,,Demographics,,,Audio evaluation male vs. female,End study,,,,,Audio check male vs. female,pass,Origin & authenticity male vs. female,,,M_vs._F_25,Spreadsheet1,Spreadsheet1,1,Instructions1,Screen 1,b1zo9t,1,info,audio finished,6297,6283,6297,6297,6283,6297,1,6297,0,0,,Audio Clip,Continue Button,2,object-89,Instructions1,,,,,
4,1719961506885,02/07/2024 23:05:06,1719968706885,2,03/07/2024 03:05:06,86579,59,task-tole,,38712272,280560572378237,11362514,,complete,,,computer,Desktop or Laptop,Mac OS 10.15.7,Safari 17.5,1440x932,1440x824,End study,,0,Audio check male vs. female,9,Speaker Gender M vs. F,,,pass,Consent given,,,Demographics,,,Audio evaluation male vs. female,End study,,,,,Audio check male vs. female,pass,Origin & authenticity male vs. female,,,M_vs._F_25,Spreadsheet1,Spreadsheet1,1,Instructions1,Screen 1,b1zo9t,1,response,continue,9549,9533,9549,9549,9533,9549,1,9549,0,0,,Click Response,Continue Button,4,object-4,Instructions1,,1,,,
5,1719961516050,02/07/2024 23:05:16,1719968716050,2,03/07/2024 03:05:16,86579,59,task-tole,,38712272,280560572378237,11362514,,complete,,,computer,Desktop or Laptop,Mac OS 10.15.7,Safari 17.5,1440x932,1440x824,End study,,0,Audio check male vs. female,9,Speaker Gender M vs. F,,,pass,Consent given,,,Demographics,,,Audio evaluation male vs. female,End study,,,,,Audio check male vs. female,pass,Origin & authenticity male vs. female,,,M_vs._F_25,Spreadsheet1,Spreadsheet1,1,Instructions1,Screen 2,s26p9w,2,response,continue,9184,9167,9184,9184,9167,9184,1,9184,0,0,ResponseProgress,Click Response,Continue Button,2,object-93,Instructions1,,2,,,
6,1719961516054,02/07/2024 23:05:16,1719968716054,2,03/07/2024 03:05:16,86579,59,task-tole,,38712272,280560572378237,11362514,,complete,,,computer,Desktop or Laptop,Mac OS 10.15.7,Safari 17.5,1440x932,1440x824,End study,,0,Audio check male vs. female,9,Speaker Gender M vs. F,,,pass,Consent given,,,Demographics,,,Audio evaluation male vs. female,End study,,,,,Audio check male vs. female,pass,Origin & authenticity male vs. female,,,M_vs._F_25,Spreadsheet1,Spreadsheet1,1,Instructions1,Screen 2,s26p9w,2,response,Ja,4267,9167,9184,4267,9167,9184,1,4267,4917,0,AudioCheck1,Dropdown,Dropdown,7,object-20,Instructions1,,2,Ja,,
7,1719961516055,02/07/2024 23:05:16,1719968716055,2,03/07/2024 03:05:16,86579,59,task-tole,,38712272,280560572378237,11362514,,complete,,,computer,Desktop or Laptop,Mac OS 10.15.7,Safari 17.5,1440x932,1440x824,End study,,0,Audio check male vs. female,9,Speaker Gender M vs. F,,,pass,Consent given,,,Demographics,,,Audio evaluation male vs. female,End study,,,,,Audio check male vs. female,pass,Origin & authenticity male vs. female,,,M_vs._F_25,Spreadsheet1,Spreadsheet1,1,Instructions1,Screen 2,s26p9w,2,response,Ja,7667,9167,9184,7667,9167,9184,1,7667,1517,0,AudioCheck2,Dropdown,Dropdown,8,object-21,Instructions1,,2,Ja,Ja,
8,1719961516058,02/07/2024 23:05:16,1719968716058,2,03/07/2024 03:05:16,86579,59,task-tole,,38712272,280560572378237,11362514,,complete,,,computer,Desktop or Laptop,Mac OS 10.15.7,Safari 17.5,1440x932,1440x824,End study,,0,Audio check male vs. female,9,Speaker Gender M vs. F,,,pass,Consent given,,,Demographics,,,Audio evaluation male vs. female,End study,,,,,Audio check male vs. female,pass,Origin & authenticity male vs. female,,,M_vs._F_25,Spreadsheet1,Spreadsheet1,1,Instructions1,Screen 3,p7z98f,3,timedOut,,29,29,29,29,29,29,1,29,0,0,,Time Limit,screen,0,screen,Instructions1,,2,Ja,Ja,2
9,1719961516058,02/07/2024 23:05:16,1719968716058,2,03/07/2024 03:05:16,86579,59,task-tole,,38712272,280560572378237,11362514,,complete,,,computer,Desktop or Laptop,Mac OS 10.15.7,Safari 17.5,1440x932,1440x824,End study,,0,Audio check male vs. female,9,Speaker Gender M vs. F,,,pass,Consent given,,,Demographics,,,Audio evaluation male vs. female,End study,,,,,Audio check male vs. female,pass,Origin & authenticity male vs. female,,,M_vs._F_25,Spreadsheet1,Spreadsheet1,,,,,,info,END,,,,,,,0,,,,,,,,,,,,,,
1,1719982011613,03/07/2024 04:46:51,1719989211613,2,03/07/2024 08:46:51,86579,59,task-tole,,38713560,280560572386356,11362813,,complete,,,computer,Desktop or Laptop,Windows 10,Chrome 126.0.0.0,1536x960,1536x791,End study,,0,Audio check male vs. female,9,Speaker Gender M vs. F,,,pass,Consent given,,,Demographics,,,Audio evaluation male vs. female,End study,,,,,Audio check male vs. female,pass,Origin & authenticity male vs. female,,,M_vs._F_24,Spreadsheet1,Spreadsheet1,,,,,,info,BEGIN,,,,,,,0,,,,,,,,,,,,,,
2,1719982027090,03/07/2024 04:47:07,1719989227090,2,03/07/2024 08:47:07,86579,59,task-tole,,38713560,280560572386356,11362813,,complete,,,computer,Desktop or Laptop,Windows 10,Chrome 126.0.0.0,1536x960,1536x791,End study,,0,Audio check male vs. female,9,Speaker Gender M vs. F,,,pass,Consent given,,,Demographics,,,Audio evaluation male vs. female,End study,,,,,Audio check male vs. female,pass,Origin & authenticity male vs. female,,,M_vs._F_24,Spreadsheet1,Spreadsheet1,1,Instructions1,Screen 1,b1zo9t,1,info,audio started,15210.2,15193.5,15210.2,15210.2,15193.5,15210.2,1,15210.2,0,0,,Audio Clip,Continue Button,2,object-89,Instructions1,,,,,
3,1719982030512,03/07/2024 04:47:10,1719989230512,2,03/07/2024 08:47:10,86579,59,task-tole,,38713560,280560572386356,11362813,,complete,,,computer,Desktop or Laptop,Windows 10,Chrome 126.0.0.0,1536x960,1536x791,End study,,0,Audio check male vs. female,9,Speaker Gender M vs. F,,,pass,Consent given,,,Demographics,,,Audio evaluation male vs. female,End study,,,,,Audio check male vs. female,pass,Origin & authenticity male vs. female,,,M_vs._F_24,Spreadsheet1,Spreadsheet1,1,Instructions1,Screen 1,b1zo9t,1,info,audio finished,18635.199999976157,18625.2,18635.199999976157,18635.199999976157,18625.2,18635.199999976157,1,18635.199999976157,0,0,,Audio Clip,Continue Button,2,object-89,Instructions1,,,,,
4,1719982033511,03/07/2024 04:47:13,1719989233511,2,03/07/2024 08:47:13,86579,59,task-tole,,38713560,280560572386356,11362813,,complete,,,computer,Desktop or Laptop,Windows 10,Chrome 126.0.0.0,1536x960,1536x791,End study,,0,Audio check male vs. female,9,Speaker Gender M vs. F,,,pass,Consent given,,,Demographics,,,Audio evaluation male vs. female,End study,,,,,Audio check male vs. female,pass,Origin & authenticity male vs. female,,,M_vs._F_24,Spreadsheet1,Spreadsheet1,1,Instructions1,Screen 1,b1zo9t,1,info,audio started,21633.999999928474,21623.8,21633.999999928474,21633.999999928474,21623.8,21633.999999928474,1,21633.999999928474,0,0,,Audio Clip,Continue Button,2,object-89,Instructions1,,,,,
5,1719982036933,03/07/2024 04:47:16,1719989236933,2,03/07/2024 08:47:16,86579,59,task-tole,,38713560,280560572386356,11362813,,complete,,,computer,Desktop or Laptop,Windows 10,Chrome 126.0.0.0,1536x960,1536x791,End study,,0,Audio check male vs. female,9,Speaker Gender M vs. F,,,pass,Consent given,,,Demographics,,,Audio evaluation male vs. female,End study,,,,,Audio check male vs. female,pass,Origin & authenticity male vs. female,,,M_vs._F_24,Spreadsheet1,Spreadsheet1,1,Instructions1,Screen 1,b1zo9t,1,info,audio finished,25056.3,25055.6,25056.3,25056.3,25055.6,25056.3,1,25056.3,0,0,,Audio Clip,Continue Button,2,object-89,Instructions1,,,,,
6,1719982037506,03/07/2024 04:47:17,1719989237506,2,03/07/2024 08:47:17,86579,59,task-tole,,38713560,280560572386356,11362813,,complete,,,computer,Desktop or Laptop,Windows 10,Chrome 126.0.0.0,1536x960,1536x791,End study,,0,Audio check male vs. female,9,Speaker Gender M vs. F,,,pass,Consent given,,,Demographics,,,Audio evaluation male vs. female,End study,,,,,Audio check male vs. female,pass,Origin & authenticity male vs. female,,,M_vs._F_24,Spreadsheet1,Spreadsheet1,1,Instructions1,Screen 1,b1zo9t,1,response,continue,25627.899999904632,25622.1,25627.899999904632,25627.899999904632,25622.1,25627.899999904632,1,25627.899999904632,0,0,,Click Response,Continue Button,4,object-4,Instructions1,,1,,,
7,1719982044981,03/07/2024 04:47:24,1719989244981,2,03/07/2024 08:47:24,86579,59,task-tole,,38713560,280560572386356,11362813,,complete,,,computer,Desktop or Laptop,Windows 10,Chrome 126.0.0.0,1536x960,1536x791,End study,,0,Audio check male vs. female,9,Speaker Gender M vs. F,,,pass,Consent given,,,Demographics,,,Audio evaluation male vs. female,End study,,,,,Audio check male vs. female,pass,Origin & authenticity male vs. female,,,M_vs._F_24,Spreadsheet1,Spreadsheet1,1,Instructions1,Screen 2,s26p9w,2,response,continue,7480.099999999995,7463.399999999998,7480.099999999995,7480.099999999995,7463.399999999998,7480.099999999995,1,7480.099999999995,0,0,ResponseProgress,Click Response,Continue Button,2,object-93,Instructions1,,2,,,
8,1719982044981,03/07/2024 04:47:24,1719989244981,2,03/07/2024 08:47:24,86579,59,task-tole,,38713560,280560572386356,11362813,,complete,,,computer,Desktop or Laptop,Windows 10,Chrome 126.0.0.0,1536x960,1536x791,End study,,0,Audio check male vs. female,9,Speaker Gender M vs. F,,,pass,Consent given,,,Demographics,,,Audio evaluation male vs. female,End study,,,,,Audio check male vs. female,pass,Origin & authenticity male vs. female,,,M_vs._F_24,Spreadsheet1,Spreadsheet1,1,Instructions1,Screen 2,s26p9w,2,response,Ja,3915,7463.399999999998,7480.099999999995,3915,7463.399999999998,7480.099999999995,1,3915,3565.099999999995,0,AudioCheck1,Dropdown,Dropdown,7,object-20,Instructions1,,2,Ja,,
9,1719982044981,03/07/2024 04:47:24,1719989244981,2,03/07/2024 08:47:24,86579,59,task-tole,,38713560,280560572386356,11362813,,complete,,,computer,Desktop or Laptop,Windows 10,Chrome 126.0.0.0,1536x960,1536x791,End study,,0,Audio check male vs. female,9,Speaker Gender M vs. F,,,pass,Consent given,,,Demographics,,,Audio evaluation male vs. female,End study,,,,,Audio check male vs. female,pass,Origin & authenticity male vs. female,,,M_vs._F_24,Spreadsheet1,Spreadsheet1,1,Instructions1,Screen 2,s26p9w,2,response,Ja,6880.299999999999,7463.399999999998,7480.099999999995,6880.299999999999,7463.399999999998,7480.099999999995,1,6880.299999999999,599.7999999999956,0,AudioCheck2,Dropdown,Dropdown,8,object-21,Instructions1,,2,Ja,Ja,
10,1719982044983,03/07/2024 04:47:24,1719989244983,2,03/07/2024 08:47:24,86579,59,task-tole,,38713560,280560572386356,11362813,,complete,,,computer,Desktop or Laptop,Windows 10,Chrome 126.0.0.0,1536x960,1536x791,End study,,0,Audio check male vs. female,9,Speaker Gender M vs. F,,,pass,Consent given,,,Demographics,,,Audio evaluation male vs. female,End study,,,,,Audio check male vs. female,pass,Origin & authenticity male vs. female,,,M_vs._F_24,Spreadsheet1,Spreadsheet1,1,Instructions1,Screen 3,p7z98f,3,timedOut,,19.89999990463548,16.5,19.89999990463548,19.89999990463548,16.5,19.89999990463548,1,19.89999990463548,0,0,,Time Limit,screen,0,screen,Instructions1,,2,Ja,Ja,2
11,1719982044983,03/07/2024 04:47:24,1719989244983,2,03/07/2024 08:47:24,86579,59,task-tole,,38713560,280560572386356,11362813,,complete,,,computer,Desktop or Laptop,Windows 10,Chrome 126.0.0.0,1536x960,1536x791,End study,,0,Audio check male vs. female,9,Speaker Gender M vs. F,,,pass,Consent given,,,Demographics,,,Audio evaluation male vs. female,End study,,,,,Audio check male vs. female,pass,Origin & authenticity male vs. female,,,M_vs._F_24,Spreadsheet1,Spreadsheet1,,,,,,info,END,,,,,,,0,,,,,,,,,,,,,,
END OF FILE
