Event Index,UTC Timestamp,UTC Date and Time,Local Timestamp,Local Timezone,Local Date and Time,Experiment ID,Experiment Version,Tree Node Key,Repeat Key,Schedule ID,Participant Public ID,Participant Private ID,Participant Starting Group,Participant Status,Participant Completion Code,Participant External Session ID,Participant Device Type,Participant Device,Participant OS,Participant Browser,Participant Monitor Size,Participant Viewport Size,Checkpoint,Room ID,Room Order,Task Name,Task Version,randomiser-rtb5,branch-r1zd,branch-m8ae,branch-yceh,checkpoint-fbue,checkpoint-7icl,checkpoint-7zea,checkpoint-yqmp,checkpoint-tf61,checkpoint-7zgv,checkpoint-ko3x,checkpoint-toq5,branch-3g7m,checkpoint-j7nf,checkpoint-ga9e,branch-l9tl,checkpoint-5iff,branch-req5,checkpoint-7gp2,counterbalance-xq3l,counterbalance-nimi,counterbalance-x3xi,Randomise questionnaire elements?,age,age-text,age-quantised,gender,gender-text,gender-quantised,state_of_residence,state_of_residence-text,state_of_residence-quantised,education_school,education_school-text,education_school-quantised,education_profession1,education_profession1-text,education_profession1-quantised,education_profession2,education_profession2-text,education_profession2-quantised,income,income-text,income-quantised,profession,profession-text,profession-quantised,caregiver1,caregiver1-text,caregiver1-quantised,languages_caregiver1-1,languages_caregiver1-2,languages_caregiver1-3,languages_caregiver1-4,languages_caregiver1-5,languages_caregiver1-6,languages_caregiver1-7,languages_caregiver1-8,languages_caregiver1-9,languages_caregiver1-10,languages_caregiver1-11,languages_caregiver1-12,languages_caregiver1-13,languages_caregiver1-14,languages_caregiver1-15,languages_caregiver1-16,languages_caregiver1-17,languages_caregiver1-18,languages_caregiver1-19,languages_caregiver1-20,languages_caregiver1-text,languages_caregiver1-other,caregiver2,caregiver2-text,caregiver2-quantised,languages_caregiver2-1,languages_caregiver2-2,languages_caregiver2-3,languages_caregiver2-4,languages_caregiver2-5,languages_caregiver2-6,languages_caregiver2-7,languages_caregiver2-8,languages_caregiver2-9,languages_caregiver2-10,languages_caregiver2-11,languages_caregiver2-12,languages_caregiver2-13,languages_caregiver2-14,languages_caregiver2-15,languages_caregiver2-16,languages_caregiver2-17,languages_caregiver2-18,languages_caregiver2-19,languages_caregiver2-20,languages_caregiver2-text,languages_caregiver2-other,other_languages,own_dialect,own_dialect-quantised,party,party-text,party-quantised,political_spectrum,political_spectrum_other,political_spectrum_other-text,political_spectrum_other-quantised,political_orientation_A,political_orientation_A-quantised,political_orientation_B,political_orientation_B-quantised,political_orientation_C,political_orientation_C-quantised,political_orientation_D,political_orientation_D-quantised,populism_A,populism_A-quantised,populism_B,populism_B-quantised,populism_C,populism_C-quantised,populism_D,populism_D-quantised,social_desirability_A,social_desirability_A-text,social_desirability_A-quantised,social_desirability_B,social_desirability_B-text,social_desirability_B-quantised,social_desirability_C,social_desirability_C-text,social_desirability_C-quantised,social_desirability_D,social_desirability_D-text,social_desirability_D-quantised,social_desirability_E,social_desirability_E-text,social_desirability_E-quantised,social_desirability_F,social_desirability_F-text,social_desirability_F-quantised,social_desirability_G,social_desirability_G-text,social_desirability_G-quantised,social_desirability_H,social_desirability_H-text,social_desirability_H-quantised,social_desirability_I,social_desirability_I-text,social_desirability_I-quantised,END QUESTIONNAIRE
1,1719844653630,01/07/2024 14:37:33,1719844655227,2,01/07/2024 16:37:35,86579,59,questionnaire-ry6q,,38653400,280475315358931,11344289,,complete,,,computer,Desktop or Laptop,Windows 10,Chrome 126.0.0.0,1920x1080,1920x919,End study,,,(socio-)demographics,18,Speaker Gender F,pass,,,Consent given,,,Demographics,Audio evaluation female,Origin & authenticity female,,End study,,,Audio check female,pass,,,,,F_1,,No,36,,19,Weiblich,,2,Nordrhein-Westfalen,,10,Abitur bzw. erweiterte Oberschule mit Abschluss 12. Klasse (Hochschulreife),,5,Fachhochschulabschluss,,10,Abgeschlossene gewerbliche oder landwirtschaftliche Lehre,,4,4000 bis unter 5000 Euro,,10,Bundesfreiwilligendienst/ Freiwilliges Soziales Jahr (FSJ)/ Freiwilliges Ökologisches Jahr (FÖJ),,10,(Stief)Mutter,,2,,,,,,,,,,,,,,,,,,,,,,Anderer Dialekt,(Stief)Mutter,,2,,,,,,,,,,,,,,,,,,Plattdeutsch,,,,,test,1,1,Ich würde nicht wählen gehen,,8,0,,,,1,1,1,1,1,1,1,1,2,2,2,2,4,4,2,2,Trifft zu,,1,Trifft zu,,1,Trifft zu,,1,Trifft zu,,1,Trifft zu,,1,Trifft zu,,1,Trifft zu,,1,Trifft nicht zu,,2,Trifft zu,,1,170546
1,1719927614077,02/07/2024 13:40:14,1719927614063,2,02/07/2024 15:40:14,86579,59,questionnaire-ry6q,,38683951,280560572370170,11356342,,complete,,,computer,Desktop or Laptop,Linux x86_64,Chrome 126.0.0.0,924x1480,924x1312,End study,,,(socio-)demographics,18,Speaker Gender M,,pass,,Consent given,Audio evaluation male,Origin & authenticity male,Demographics,,,,End study,pass,Audio check male,,,,,,M_7,,,No,52,,35,Männlich,,1,Berlin,,3,Realschulabschluss/ Mittlere Reife/ Fachschulreife oder Abschluss der polytechnischen Oberschule 10. Klasse,,3,Berufsfachschulabschluss,,7,Kein zweiter Abschluss,,1,1250 bis unter 1500 Euro,,5,Nicht berufstätig (Hausfrau/Hausmann),,13,(Stief)Mutter,,2,Hochdeutsch,,,,,,,,,,,,,,,,,,,,,,(Stief)Vater,,1,Hochdeutsch,,,,,,,,,,,,,,,,,,,,,,nein,1,1,Ich möchte die Frage nicht beantworten,,10,50,,,,3,3,5,5,3,3,5,5,4,4,5,5,3,3,3,3,Trifft nicht zu,,2,Trifft zu,,1,Trifft nicht zu,,2,Trifft zu,,1,Trifft nicht zu,,2,Trifft nicht zu,,2,Trifft nicht zu,,2,Trifft nicht zu,,2,Trifft zu,,1,213232
1,1719928111131,02/07/2024 13:48:31,1719928110649,2,02/07/2024 15:48:30,86579,59,questionnaire-ry6q,,38685075,280560572377190,11356355,,complete,,,computer,Desktop or Laptop,Windows 10,Chrome 126.0.0.0,1280x720,1280x585,End study,,,(socio-)demographics,18,Speaker Gender M,,pass,,Consent given,Audio evaluation male,Origin & authenticity male,Demographics,,,,End study,pass,Audio check male,,,,,,M_3,,,No,54,,37,Männlich,,1,Baden-Württemberg,,1,Hauptschulabschluss/ Volksschulabschluss/ Abschluss der polytechnischen Oberschule 8. oder 9. Klasse,,2,Berufsfachschulabschluss,,7,Abgeschlossene kaufmännische Lehre,,5,2000 bis unter 2500 Euro,,7,Vollzeit berufstätig (mehr als 30 Stunden/Woche),,1,(Stief)Vater,,1,Hochdeutsch,,,,,,,,,,,,,,,,,,,,,,(Stief)Mutter,,2,Hochdeutsch,,,,,,,,,,,,,,,,,,,,,,nein,2,2,BSW,,7,33,,,,4,4,5,5,3,3,5,5,4,4,4,4,3,3,5,5,Trifft nicht zu,,2,Trifft zu,,1,Trifft nicht zu,,2,Trifft zu,,1,Trifft nicht zu,,2,Trifft nicht zu,,2,Trifft nicht zu,,2,Trifft zu,,1,Trifft nicht zu,,2,246016
1,1719927907199,02/07/2024 13:45:07,1719927907110,2,02/07/2024 15:45:07,86579,59,questionnaire-ry6q,,38684512,280560572503237,11356389,,complete,,,computer,Desktop or Laptop,Mac OS 10.15.7,Chrome 126.0.0.0,1710x1107,1554x788,End study,,,(socio-)demographics,18,Speaker Gender F,pass,,,Consent given,,,Demographics,Audio evaluation female,Origin & authenticity female,,End study,,,Audio check female,pass,,,,,F_6,,No,56,,39,Männlich,,1,Berlin,,3,Realschulabschluss/ Mittlere Reife/ Fachschulreife oder Abschluss der polytechnischen Oberschule 10. Klasse,,3,Berufsfachschulabschluss,,7,Berufsfachschulabschluss,,7,2000 bis unter 2500 Euro,,7,Vollzeit berufstätig (mehr als 30 Stunden/Woche),,1,(Stief)Mutter,,2,Hochdeutsch,,,,,,,,,,,,,,,,,,,,,,(Stief)Vater,,1,Hochdeutsch,,,,,,,,,,,,,,,,,,,,,,,1,1,AfD,,3,100,,,,1,1,5,5,5,5,5,5,5,5,5,5,5,5,5,5,Trifft nicht zu,,2,Trifft zu,,1,Trifft zu,,1,Trifft zu,,1,Trifft nicht zu,,2,Trifft zu,,1,Trifft nicht zu,,2,Trifft nicht zu,,2,Trifft nicht zu,,2,263160
1,1719927760072,02/07/2024 13:42:40,1719927760649,2,02/07/2024 15:42:40,86579,59,questionnaire-ry6q,,38684198,280560572371991,11356443,,complete,,,computer,Desktop or Laptop,Windows 10,Firefox 127.0,1920x1080,1920x927,End study,,,(socio-)demographics,18,Speaker Gender M vs. F,,,pass,Consent given,,,Demographics,,,Audio evaluation male vs. female,End study,,,,,Audio check male vs. female,pass,Origin & authenticity male vs. female,,,M_vs._F_33,No,50,,33,Männlich,,1,Bayern,,2,Abitur bzw. erweiterte Oberschule mit Abschluss 12. Klasse (Hochschulreife),,5,Fachschulabschluss,,8,Kein zweiter Abschluss,,1,3000 bis unter 4000 Euro,,9,Vollzeit berufstätig (mehr als 30 Stunden/Woche),,1,(Stief)Mutter,,2,Hochdeutsch,,,,,,,,,,,,,,,,,,,,,,(Stief)Vater,,1,Hochdeutsch,,,,,,,,,,,,,,,,,,,,,,,2,2,CDU/CSU,,1,96,,,,1,1,5,5,3,3,5,5,3,3,5,5,4,4,1,1,Trifft zu,,1,Trifft zu,,1,Trifft nicht zu,,2,Trifft zu,,1,Trifft nicht zu,,2,Trifft nicht zu,,2,Trifft nicht zu,,2,Trifft zu,,1,Trifft zu,,1,143710
1,1719928345903,02/07/2024 13:52:25,1719928346661,2,02/07/2024 15:52:26,86579,59,questionnaire-ry6q,,38685567,280560572515517,11356470,,complete,,,computer,Desktop or Laptop,Windows 10,Edge 126.0.0.0,1707x960,1659x838,End study,,,(socio-)demographics,18,Speaker Gender M vs. F,,,pass,Consent given,,,Demographics,,,Audio evaluation male vs. female,End study,,,,,Audio check male vs. female,pass,Origin & authenticity male vs. female,,,M_vs._F_4,No,59,,42,Männlich,,1,Baden-Württemberg,,1,Realschulabschluss/ Mittlere Reife/ Fachschulreife oder Abschluss der polytechnischen Oberschule 10. Klasse,,3,Abgeschlossene gewerbliche oder landwirtschaftliche Lehre,,4,Kein zweiter Abschluss,,1,2000 bis unter 2500 Euro,,7,Pensionär/in oder Rentner/in (früher berufstätig),,11,Großmutter,,3,,,,,,,,,,,,,,,Schwäbisch,,,,,,,,Onkel,,5,,,,,,,,,,,,,,,Schwäbisch,,,,,,,,sächsisch,6,6,AfD,,3,84,,,,3,3,5,5,5,5,5,5,5,5,4,4,4,4,3,3,Trifft nicht zu,,2,Trifft zu,,1,Trifft nicht zu,,2,Trifft zu,,1,Trifft nicht zu,,2,Trifft nicht zu,,2,Trifft zu,,1,Trifft nicht zu,,2,Trifft nicht zu,,2,256626
1,1719928773861,02/07/2024 13:59:33,1719928776167,2,02/07/2024 15:59:36,86579,59,questionnaire-ry6q,,38686076,280560572508197,11356514,,complete,,,computer,Desktop or Laptop,Windows 10,Chrome 109.0.0.0,1536x864,1536x723,End study,,,(socio-)demographics,18,Speaker Gender M,,pass,,Consent given,Audio evaluation male,Origin & authenticity male,Demographics,,,,End study,pass,Audio check male,,,,,,M_6,,,No,37,,20,Männlich,,1,Thüringen,,16,Abitur bzw. erweiterte Oberschule mit Abschluss 12. Klasse (Hochschulreife),,5,Hochschulabschluss (Master),,12,Kein zweiter Abschluss,,1,1000 bis unter 1250 Euro,,4,Zurzeit arbeitslos,,8,(Stief)Mutter,,2,,,,,,,,,,,,,,,,,Thüringisch,,,,,,Großmutter,,3,Hochdeutsch,,,,,,,,,,,,,,,,,,,,,,,4,4,Ich würde eine ungültige Stimme abgeben,,9,55,,,,1,1,4,4,3,3,3,3,4,4,3,3,4,4,2,2,Trifft zu,,1,Trifft nicht zu,,2,Trifft nicht zu,,2,Trifft zu,,1,Trifft zu,,1,Trifft zu,,1,Trifft zu,,1,Trifft nicht zu,,2,Trifft zu,,1,344774
1,1719928557837,02/07/2024 13:55:57,1719928557606,2,02/07/2024 15:55:57,86579,59,questionnaire-ry6q,,38685835,280560572506129,11356556,,complete,,,computer,Desktop or Laptop,Mac OS 10.15.7,Chrome 126.0.0.0,1440x900,1440x754,End study,,,(socio-)demographics,18,Speaker Gender M,,pass,,Consent given,Audio evaluation male,Origin & authenticity male,Demographics,,,,End study,pass,Audio check male,,,,,,M_9,,,No,47,,30,Männlich,,1,Hamburg,,6,Abitur bzw. erweiterte Oberschule mit Abschluss 12. Klasse (Hochschulreife),,5,Hochschulabschluss (Master),,12,Kein zweiter Abschluss,,1,4000 bis unter 5000 Euro,,10,Vollzeit berufstätig (mehr als 30 Stunden/Woche),,1,(Stief)Vater,,1,Hochdeutsch,,,,,,,,,,,,,,,,,,,,,,(Stief)Mutter,,2,Hochdeutsch,,,,,,,,,,,,,,,,,,,,,,,1,1,FDP,,4,50,,,,1,1,3,3,1,1,1,1,1,1,1,1,1,1,1,1,Trifft nicht zu,,2,Trifft zu,,1,Trifft zu,,1,Trifft zu,,1,Trifft nicht zu,,2,Trifft zu,,1,Trifft zu,,1,Trifft zu,,1,Trifft zu,,1,158069
1,1719929985028,02/07/2024 14:19:45,1719929958382,2,02/07/2024 16:19:18,86579,59,questionnaire-ry6q,,38687323,280560572375091,11356762,,complete,,,computer,Desktop or Laptop,Windows 10,Chrome 126.0.0.0,1920x1080,1920x919,End study,,,(socio-)demographics,18,Speaker Gender M vs. F,,,pass,Consent given,,,Demographics,,,Audio evaluation male vs. female,End study,,,,,Audio check male vs. female,pass,Origin & authenticity male vs. female,,,M_vs._F_16,No,57,,40,Männlich,,1,Bremen,,5,Realschulabschluss/ Mittlere Reife/ Fachschulreife oder Abschluss der polytechnischen Oberschule 10. Klasse,,3,Abgeschlossene gewerbliche oder landwirtschaftliche Lehre,,4,Abgeschlossene gewerbliche oder landwirtschaftliche Lehre,,4,2000 bis unter 2500 Euro,,7,Vollzeit berufstätig (mehr als 30 Stunden/Woche),,1,(Stief)Vater,,1,Hochdeutsch,,,,,,,,,,,,,,,,,,,,,,(Stief)Mutter,,2,Hochdeutsch,,,,,,,,,,,,,,,,,,,,,,nein,1,1,AfD,,3,64,,,,3,3,3,3,3,3,3,3,3,3,3,3,3,3,3,3,Trifft zu,,1,Trifft zu,,1,Trifft nicht zu,,2,Trifft zu,,1,Trifft zu,,1,Trifft nicht zu,,2,Trifft nicht zu,,2,Trifft zu,,1,Trifft nicht zu,,2,168921
1,1719929406258,02/07/2024 14:10:06,1719929406121,2,02/07/2024 16:10:06,86579,59,questionnaire-ry6q,,38686696,280560572377195,11356797,,complete,,,computer,Desktop or Laptop,Windows 10,Edge 126.0.0.0,1536x961,1488x804,End study,,,(socio-)demographics,18,Speaker Gender M,,pass,,Consent given,Audio evaluation male,Origin & authenticity male,Demographics,,,,End study,pass,Audio check male,,,,,,M_5,,,No,29,,12,Männlich,,1,Berlin,,3,Abitur bzw. erweiterte Oberschule mit Abschluss 12. Klasse (Hochschulreife),,5,Berufsfachschulabschluss,,7,Kein zweiter Abschluss,,1,4000 bis unter 5000 Euro,,10,Vollzeit berufstätig (mehr als 30 Stunden/Woche),,1,(Stief)Mutter,,2,,,,,,,,,,,,,,,,,,,,,berlinerisch,Anderer Dialekt,(Stief)Vater,,1,,,,,,,,,,,,,,,,,,,,,berlinerisch,Anderer Dialekt,,4,4,AfD,,3,64,,,,4,4,3,3,4,4,3,3,3,3,3,3,2,2,4,4,Trifft zu,,1,Trifft nicht zu,,2,Trifft nicht zu,,2,Trifft zu,,1,Trifft nicht zu,,2,Trifft zu,,1,Trifft nicht zu,,2,Trifft zu,,1,Trifft nicht zu,,2,161897
1,1719930028761,02/07/2024 14:20:28,1719930030744,2,02/07/2024 16:20:30,86579,59,questionnaire-ry6q,,38687352,280560572525740,11356813,,complete,,,computer,Desktop or Laptop,Windows 10,Chrome 126.0.0.0,1600x900,1600x725,End study,,,(socio-)demographics,18,Speaker Gender F,pass,,,Consent given,,,Demographics,Audio evaluation female,Origin & authenticity female,,End study,,,Audio check female,pass,,,,,F_2,,No,31,,14,Männlich,,1,Nordrhein-Westfalen,,10,Realschulabschluss/ Mittlere Reife/ Fachschulreife oder Abschluss der polytechnischen Oberschule 10. Klasse,,3,Berufsfachschulabschluss,,7,Teilfacharbeiterabschluss,,3,1000 bis unter 1250 Euro,,4,Teilzeit berufstätig (bis 30 Stunden/Woche),,2,(Stief)Mutter,,2,Hochdeutsch,,,,,,,,,,,,,,,,,,,,,,(Stief)Vater,,1,Hochdeutsch,,,,,,,,,,,,,,,,,,,,,,Viel Englisch im Alltag. :),1,1,Andere,Tierschutzpartei :),,1,,,,4,4,2,2,5,5,2,2,4,4,4,4,3,3,3,3,Trifft zu,,1,Trifft zu,,1,Trifft zu,,1,Trifft zu,,1,Trifft nicht zu,,2,Trifft zu,,1,Trifft nicht zu,,2,Trifft nicht zu,,2,Trifft zu,,1,256602
1,1719930201179,02/07/2024 14:23:21,1719930201074,2,02/07/2024 16:23:21,86579,59,questionnaire-ry6q,,38687470,280560572376142,11356815,,complete,,,computer,Desktop or Laptop,Windows 10,Firefox 127.0,1600x900,1600x775,End study,,,(socio-)demographics,18,Speaker Gender F,pass,,,Consent given,,,Demographics,Audio evaluation female,Origin & authenticity female,,End study,,,Audio check female,pass,,,,,F_9,,No,59,,42,Männlich,,1,Brandenburg,,4,Abitur bzw. erweiterte Oberschule mit Abschluss 12. Klasse (Hochschulreife),,5,Fachhochschulabschluss,,10,Kein zweiter Abschluss,,1,1000 bis unter 1250 Euro,,4,Zurzeit arbeitslos,,8,(Stief)Vater,,1,Hochdeutsch,,,,,,,,,,,,,,,,,,,,,,(Stief)Mutter,,2,Hochdeutsch,,,,,,,,,,,,,,,,,,,,,,nein,1,1,DIE LINKE,,5,0,,,,1,1,1,1,4,4,1,1,1,1,1,1,1,1,3,3,Trifft nicht zu,,2,Trifft zu,,1,Trifft nicht zu,,2,Trifft zu,,1,Trifft nicht zu,,2,Trifft nicht zu,,2,Trifft nicht zu,,2,Trifft nicht zu,,2,Trifft zu,,1,210559
1,1719930057889,02/07/2024 14:20:57,1719930057821,2,02/07/2024 16:20:57,86579,59,questionnaire-ry6q,,38687373,280560572505330,11356928,,complete,,,computer,Desktop or Laptop,Windows 10,Firefox 127.0,1920x1080,1920x899,End study,,,(socio-)demographics,18,Speaker Gender M,,pass,,Consent given,Audio evaluation male,Origin & authenticity male,Demographics,,,,End study,pass,Audio check male,,,,,,M_11,,,No,35,,18,Männlich,,1,Hessen,,7,Abitur bzw. erweiterte Oberschule mit Abschluss 12. Klasse (Hochschulreife),,5,Hochschulabschluss (Master),,12,Kein zweiter Abschluss,,1,3000 bis unter 4000 Euro,,9,Vollzeit berufstätig (mehr als 30 Stunden/Woche),,1,Großmutter,,3,,,,,,Hessisch,,,,,,,,,,,,,,,,,(Stief)Mutter,,2,,,,,,Hessisch,,,,,,,,,,,,,,,,,,2,2,SPD,,2,44,,,,2,2,2,2,1,1,1,1,2,2,1,1,1,1,1,1,Trifft zu,,1,Trifft zu,,1,Trifft nicht zu,,2,Trifft zu,,1,Trifft nicht zu,,2,Trifft nicht zu,,2,Trifft zu,,1,Trifft nicht zu,,2,Trifft nicht zu,,2,151695
1,1719930729003,02/07/2024 14:32:09,1719930735651,2,02/07/2024 16:32:15,86579,59,questionnaire-ry6q,,38687892,280560572413097,11356966,,complete,,,computer,Desktop or Laptop,Windows 10,Chrome 126.0.0.0,1920x1080,1920x919,End study,,,(socio-)demographics,18,Speaker Gender F,pass,,,Consent given,,,Demographics,Audio evaluation female,Origin & authenticity female,,End study,,,Audio check female,pass,,,,,F_8,,No,31,,14,Männlich,,1,Nordrhein-Westfalen,,10,Realschulabschluss/ Mittlere Reife/ Fachschulreife oder Abschluss der polytechnischen Oberschule 10. Klasse,,3,Anderer Abschluss und zwar:,Abgeschlossene Handwerkliche Lehre,,Kein zweiter Abschluss,,1,1000 bis unter 1250 Euro,,4,Teilzeit berufstätig (bis 30 Stunden/Woche),,2,(Stief)Vater,,1,Hochdeutsch,,,,,,,,,,,,,,,,,,Dialekt/Sprache aus dem nicht-deutschsprachigen Ausland,,,,(Stief)Mutter,,2,Hochdeutsch,,,,,,,,,,,,,,,,,,,,,,"Türkisch, Arabisch, Chinesisch, (mehrsprachige Nachbarschaft)",1,1,Ich möchte die Frage nicht beantworten,,10,52,,,,3,3,5,5,4,4,2,2,4,4,5,5,4,4,5,5,Trifft zu,,1,Trifft zu,,1,Trifft nicht zu,,2,Trifft zu,,1,Trifft zu,,1,Trifft zu,,1,Trifft zu,,1,Trifft zu,,1,Trifft nicht zu,,2,401431
1,1719932685239,02/07/2024 15:04:45,1719932684356,2,02/07/2024 17:04:44,86579,59,questionnaire-ry6q,,38689425,280560572509253,11357472,,complete,,,computer,Desktop or Laptop,Windows 10,Chrome 126.0.0.0,1024x768,1024x641,End study,,,(socio-)demographics,18,Speaker Gender M,,pass,,Consent given,Audio evaluation male,Origin & authenticity male,Demographics,,,,End study,pass,Audio check male,,,,,,M_1,,,No,45,,28,Männlich,,1,Nordrhein-Westfalen,,10,Hauptschulabschluss/ Volksschulabschluss/ Abschluss der polytechnischen Oberschule 8. oder 9. Klasse,,2,Teilfacharbeiterabschluss,,3,Teilfacharbeiterabschluss,,3,1250 bis unter 1500 Euro,,5,Zurzeit in Kurzarbeit,,9,Onkel,,5,Hochdeutsch,,,,,,,,,,,,,,,,,,,,,,Tante,,6,Hochdeutsch,,,,,,,,,,,,,,,,,,,,,,hgzgzzzt,5,5,DIE LINKE,,5,62,,,,3,3,4,4,2,2,3,3,2,2,4,4,3,3,2,2,Trifft zu,,1,Trifft nicht zu,,2,Trifft nicht zu,,2,Trifft zu,,1,Trifft nicht zu,,2,Trifft zu,,1,Trifft zu,,1,Trifft nicht zu,,2,Trifft zu,,1,92456
1,1719933538245,02/07/2024 15:18:58,1719933537662,2,02/07/2024 17:18:57,86579,59,questionnaire-ry6q,,38690437,280560572508207,11357550,,complete,,,computer,Desktop or Laptop,Windows 10,Edge 126.0.0.0,1280x800,1232x652,End study,,,(socio-)demographics,18,Speaker Gender M vs. F,,,pass,Consent given,,,Demographics,,,Audio evaluation male vs. female,End study,,,,,Audio check male vs. female,pass,Origin & authenticity male vs. female,,,M_vs._F_10,No,54,,37,Männlich,,1,Hessen,,7,Abitur bzw. erweiterte Oberschule mit Abschluss 12. Klasse (Hochschulreife),,5,Abgeschlossene kaufmännische Lehre,,5,Abgeschlossene kaufmännische Lehre,,5,7500 bis unter 10000 Euro,,12,Vollzeit berufstätig (mehr als 30 Stunden/Woche),,1,(Stief)Mutter,,2,Hochdeutsch,,,,,Hessisch,,,,,,,,,,,,,,,,,(Stief)Vater,,1,Hochdeutsch,,,,,Hessisch,,,,,,,,,,,,,,,,,Nein,1,1,CDU/CSU,,1,69,,,,1,1,4,4,1,1,5,5,2,2,3,3,1,1,5,5,Trifft zu,,1,Trifft zu,,1,Trifft zu,,1,Trifft nicht zu,,2,Trifft zu,,1,Trifft nicht zu,,2,Trifft zu,,1,Trifft nicht zu,,2,Trifft nicht zu,,2,219574
1,1719934480448,02/07/2024 15:34:40,1719934481983,2,02/07/2024 17:34:41,86579,59,questionnaire-ry6q,,38691683,280560572411005,11357601,,complete,,,computer,Desktop or Laptop,Windows 10,Chrome 126.0.0.0,1280x800,1280x673,End study,,,(socio-)demographics,18,Speaker Gender F,pass,,,Consent given,,,Demographics,Audio evaluation female,Origin & authenticity female,,End study,,,Audio check female,pass,,,,,F_11,,No,32,,15,Männlich,,1,Sachsen-Anhalt,,14,Abitur bzw. erweiterte Oberschule mit Abschluss 12. Klasse (Hochschulreife),,5,Hochschulabschluss (Bachelor),,11,Hochschulabschluss (Bachelor),,11,2000 bis unter 2500 Euro,,7,Vollzeit berufstätig (mehr als 30 Stunden/Woche),,1,(Stief)Vater,,1,,,,,,,,,,,,,,Sächsisch,,,,,,,,,(Stief)Mutter,,2,,,,,,,,,,,,,,Sächsisch,,,,,,,,,,3,3,SPD,,2,56,,,,4,4,4,4,3,3,4,4,4,4,3,3,4,4,4,4,Trifft zu,,1,Trifft zu,,1,Trifft zu,,1,Trifft zu,,1,Trifft zu,,1,Trifft nicht zu,,2,Trifft zu,,1,Trifft nicht zu,,2,Trifft zu,,1,405435
1,1719934185685,02/07/2024 15:29:45,1719930521087,3,02/07/2024 17:28:41,86579,59,questionnaire-ry6q,,38691297,280560572510294,11357894,,complete,,,computer,Desktop or Laptop,Linux x86_64,Chrome 126.0.0.0,320x712,980x1788,End study,,,(socio-)demographics,18,Speaker Gender M,,pass,,Consent given,Audio evaluation male,Origin & authenticity male,Demographics,,,,End study,pass,Audio check male,,,,,,M_2,,,No,21,,4,Männlich,,1,Hamburg,,6,Abitur bzw. erweiterte Oberschule mit Abschluss 12. Klasse (Hochschulreife),,5,Berufliches Praktikum oder Volontariat,,6,Meister/in oder Technikerabschluss,,9,3000 bis unter 4000 Euro,,9,Vollzeit berufstätig (mehr als 30 Stunden/Woche),,1,(Stief)Vater,,1,,Alemannisch,,,,,,,,,,,,,,,,,,,,,(Stief)Mutter,,2,,Alemannisch,,,,,,,,,,,,,,,,,,,,,Hamburg ,5,5,SPD,,2,46,,,,3,3,3,3,4,4,2,2,2,2,2,2,2,2,3,3,Trifft zu,,1,Trifft zu,,1,Trifft nicht zu,,2,Trifft nicht zu,,2,Trifft zu,,1,Trifft zu,,1,Trifft nicht zu,,2,Trifft zu,,1,Trifft zu,,1,283818
1,1719934587728,02/07/2024 15:36:27,1719934586391,2,02/07/2024 17:36:26,86579,59,questionnaire-ry6q,,38692255,280560572509255,11357983,,complete,,,computer,Desktop or Laptop,Windows 10,Chrome 126.0.0.0,1920x1080,1920x919,End study,,,(socio-)demographics,18,Speaker Gender M vs. F,,,pass,Consent given,,,Demographics,,,Audio evaluation male vs. female,End study,,,,,Audio check male vs. female,pass,Origin & authenticity male vs. female,,,M_vs._F_12,No,22,,5,Männlich,,1,Berlin,,3,Realschulabschluss/ Mittlere Reife/ Fachschulreife oder Abschluss der polytechnischen Oberschule 10. Klasse,,3,Teilfacharbeiterabschluss,,3,Abgeschlossene gewerbliche oder landwirtschaftliche Lehre,,4,1250 bis unter 1500 Euro,,5,Teilzeit berufstätig (bis 30 Stunden/Woche),,2,(Stief)Mutter,,2,,,,,,,,,,Ostdeutsch,,,,,,,,,,,,,(Stief)Mutter,,2,,,,Bairisch,,,,,,,,,,,,,,,,,,,.,2,2,AfD,,3,61,,,,1,1,2,2,3,3,3,3,2,2,3,3,2,2,3,3,Trifft zu,,1,Trifft nicht zu,,2,Trifft zu,,1,Trifft zu,,1,Trifft zu,,1,Trifft zu,,1,Trifft zu,,1,Trifft zu,,1,Trifft zu,,1,67591
1,1719935065069,02/07/2024 15:44:25,1719935064534,2,02/07/2024 17:44:24,86579,59,questionnaire-ry6q,,38694612,280560572375104,11358157,,complete,,,computer,Desktop or Laptop,Windows 10,Firefox 127.0,1920x1080,1920x927,End study,,,(socio-)demographics,18,Speaker Gender M,,pass,,Consent given,Audio evaluation male,Origin & authenticity male,Demographics,,,,End study,pass,Audio check male,,,,,,M_10,,,No,37,,20,Männlich,,1,Hessen,,7,Abitur bzw. erweiterte Oberschule mit Abschluss 12. Klasse (Hochschulreife),,5,Hochschulabschluss (Master),,12,Abgeschlossene kaufmännische Lehre,,5,3000 bis unter 4000 Euro,,9,Vollzeit berufstätig (mehr als 30 Stunden/Woche),,1,(Stief)Vater,,1,Hochdeutsch,,,,,Hessisch,,,,,,,,,,,,,,,,,(Stief)Mutter,,2,Hochdeutsch,,,,,,,,,,,,,,,,,,,,,,,4,4,AfD,,3,72,,,,3,3,3,3,3,3,3,3,3,3,3,3,3,3,3,3,Trifft zu,,1,Trifft zu,,1,Trifft nicht zu,,2,Trifft zu,,1,Trifft zu,,1,Trifft nicht zu,,2,Trifft nicht zu,,2,Trifft zu,,1,Trifft zu,,1,183057
1,1719935295481,02/07/2024 15:48:15,1719935295087,2,02/07/2024 17:48:15,86579,59,questionnaire-ry6q,,38694948,280560572502209,11358503,,complete,,,computer,Desktop or Laptop,Windows 10,Firefox 127.0,1920x1080,1906x926,End study,,,(socio-)demographics,18,Speaker Gender M vs. F,,,pass,Consent given,,,Demographics,,,Audio evaluation male vs. female,End study,,,,,Audio check male vs. female,pass,Origin & authenticity male vs. female,,,M_vs._F_32,No,66,,49,Weiblich,,2,Baden-Württemberg,,1,Abitur bzw. erweiterte Oberschule mit Abschluss 12. Klasse (Hochschulreife),,5,Berufsfachschulabschluss,,7,Abgeschlossene kaufmännische Lehre,,5,Ich möchte die Frage nicht beantworten,,15,Pensionär/in oder Rentner/in (früher berufstätig),,11,(Stief)Mutter,,2,,,,,,,,,,,,,,,Schwäbisch,,,,,,,,(Stief)Vater,,1,,,,,,,,,,,,,,,Schwäbisch,,,,,,,,,5,5,CDU/CSU,,1,60,,,,1,1,2,2,1,1,3,3,1,1,1,1,3,3,4,4,Trifft nicht zu,,2,Trifft zu,,1,Trifft nicht zu,,2,Trifft zu,,1,Trifft nicht zu,,2,Trifft nicht zu,,2,Trifft nicht zu,,2,Trifft nicht zu,,2,Trifft nicht zu,,2,180037
1,1719937143099,02/07/2024 16:19:03,1719937142416,3,02/07/2024 19:19:02,86579,59,questionnaire-ry6q,,38696095,280560572533897,11359005,,complete,,,mobile,undefined K,Android 10,Chrome 126.0.0.0,873x393,792x303,End study,,,(socio-)demographics,18,Speaker Gender F,pass,,,Consent given,,,Demographics,Audio evaluation female,Origin & authenticity female,,End study,,,Audio check female,pass,,,,,F_5,,No,27,,10,Männlich,,1,Bremen,,5,Fachhochschulreife (Abschluss einer Fachoberschule etc.),,4,Hochschulabschluss (Bachelor),,11,Hochschulabschluss (Bachelor),,11,4000 bis unter 5000 Euro,,10,Vollzeit berufstätig (mehr als 30 Stunden/Woche),,1,Großmutter,,3,,Alemannisch,,,,,,,,,,,,,,,,,,,,,Großvater,,4,,,,,,Hessisch,,,,,,,,,,,,,,,,,nicht ,6,6,SPD,,2,24,Ich möchte die Frage nicht beantworten,,2,4,4,4,4,1,1,4,4,3,3,4,4,4,4,4,4,Trifft zu,,1,Trifft zu,,1,Trifft zu,,1,Trifft nicht zu,,2,Trifft nicht zu,,2,Trifft zu,,1,Trifft zu,,1,Trifft nicht zu,,2,Trifft nicht zu,,2,174795
1,1719937600019,02/07/2024 16:26:40,1719937599842,2,02/07/2024 18:26:39,86579,59,questionnaire-ry6q,,38696322,280560572510304,11358970,,complete,,,computer,Desktop or Laptop,Mac OS 10.15.7,Safari 17.5,1366x913,1366x914,End study,,,(socio-)demographics,18,Speaker Gender M,,pass,,Consent given,Audio evaluation male,Origin & authenticity male,Demographics,,,,End study,pass,Audio check male,,,,,,M_8,,,No,53,,36,Männlich,,1,Berlin,,3,Abitur bzw. erweiterte Oberschule mit Abschluss 12. Klasse (Hochschulreife),,5,Abgeschlossene kaufmännische Lehre,,5,Abgeschlossene kaufmännische Lehre,,5,2000 bis unter 2500 Euro,,7,Vollzeit berufstätig (mehr als 30 Stunden/Woche),,1,(Stief)Mutter,,2,,,,,,,,,,,,,,,,,,,,,venezianisch,Anderer Dialekt,(Stief)Vater,,1,,,,,,,,,,,,,,,,,,,,,venezianisch,Anderer Dialekt,"ja, Berlinerisch !!!!",3,3,Andere,Tierschutzpartei,,84,,,,1,1,1,1,4,4,2,2,5,5,4,4,5,5,5,5,Trifft zu,,1,Trifft zu,,1,Trifft nicht zu,,2,Trifft zu,,1,Trifft zu,,1,Trifft zu,,1,Trifft zu,,1,Trifft nicht zu,,2,Trifft zu,,1,280056
1,1719939280087,02/07/2024 16:54:40,1719939279044,3,02/07/2024 19:54:39,86579,59,questionnaire-ry6q,,38697167,280560572528894,11359154,,complete,,,computer,Desktop or Laptop,Linux x86_64,Chrome 124.0.0.0,360x806,980x1595,End study,,,(socio-)demographics,18,Speaker Gender M vs. F,,,pass,Consent given,,,Demographics,,,Audio evaluation male vs. female,End study,,,,,Audio check male vs. female,pass,Origin & authenticity male vs. female,,,M_vs._F_17,No,39,,22,Männlich,,1,Mecklenburg-Vorpommern,,8,Abitur bzw. erweiterte Oberschule mit Abschluss 12. Klasse (Hochschulreife),,5,Hochschulabschluss (Bachelor),,11,Kein zweiter Abschluss,,1,10000 Euro und mehr,,13,Teilzeit berufstätig (bis 30 Stunden/Woche),,2,(Stief)Vater,,1,Hochdeutsch,,,,,,,,,,,,,,,,,,,,,,(Stief)Mutter,,2,Hochdeutsch,,,,,,,,,,,,,,,,,,,,,,ich weiß nicht ,1,1,GRÜNE,,6,45,,,,4,4,3,3,1,1,5,5,5,5,5,5,1,1,4,4,Trifft zu,,1,Trifft zu,,1,Trifft nicht zu,,2,Trifft zu,,1,Trifft nicht zu,,2,Trifft zu,,1,Trifft nicht zu,,2,Trifft zu,,1,Trifft zu,,1,290553
1,1719940006026,02/07/2024 17:06:46,1719940006140,2,02/07/2024 19:06:46,86579,59,questionnaire-ry6q,,38698003,280560572377184,11359368,,complete,,,computer,Desktop or Laptop,Windows 10,Edge 126.0.0.0,1920x1080,1872x958,End study,,,(socio-)demographics,18,Speaker Gender F,pass,,,Consent given,,,Demographics,Audio evaluation female,Origin & authenticity female,,End study,,,Audio check female,pass,,,,,F_12,,No,49,,32,Männlich,,1,Baden-Württemberg,,1,Realschulabschluss/ Mittlere Reife/ Fachschulreife oder Abschluss der polytechnischen Oberschule 10. Klasse,,3,Abgeschlossene gewerbliche oder landwirtschaftliche Lehre,,4,Kein zweiter Abschluss,,1,4000 bis unter 5000 Euro,,10,Vollzeit berufstätig (mehr als 30 Stunden/Woche),,1,Andere,Freundeskreis,,,,,,,,,,,,,,,,Schwäbisch,,,,,,,,(Stief)Mutter,,2,,,,,,,,,,,,,,,Schwäbisch,,,,,,,,,3,3,CDU/CSU,,1,50,,,,4,4,4,4,2,2,3,3,2,2,3,3,1,1,3,3,Trifft zu,,1,Trifft zu,,1,Trifft nicht zu,,2,Trifft zu,,1,Trifft nicht zu,,2,Trifft nicht zu,,2,Trifft nicht zu,,2,Trifft nicht zu,,2,Trifft nicht zu,,2,190703
1,1719940815920,02/07/2024 17:20:15,1719940815893,2,02/07/2024 19:20:15,86579,59,questionnaire-ry6q,,38700525,280560572370954,11359410,,complete,,,computer,Desktop or Laptop,Windows 10,Chrome 126.0.0.0,1920x1080,1920x911,End study,,,(socio-)demographics,18,Speaker Gender M,,pass,,Consent given,Audio evaluation male,Origin & authenticity male,Demographics,,,,End study,pass,Audio check male,,,,,,M_12,,,No,56,,39,Männlich,,1,Nordrhein-Westfalen,,10,Hauptschulabschluss/ Volksschulabschluss/ Abschluss der polytechnischen Oberschule 8. oder 9. Klasse,,2,Abgeschlossene gewerbliche oder landwirtschaftliche Lehre,,4,Kein zweiter Abschluss,,1,3000 bis unter 4000 Euro,,9,Vollzeit berufstätig (mehr als 30 Stunden/Woche),,1,(Stief)Vater,,1,,,,,Fränkisch,,,,,,,,,,,,,,,,,,(Stief)Mutter,,2,,,,,Fränkisch,,,,,,,,,,,,,,,,,,,5,5,Andere,freie wähler,,50,Ich möchte die Frage nicht beantworten,,2,1,1,5,5,3,3,5,5,5,5,3,3,5,5,1,1,Trifft nicht zu,,2,Trifft zu,,1,Trifft nicht zu,,2,Trifft zu,,1,Trifft nicht zu,,2,Trifft nicht zu,,2,Trifft nicht zu,,2,Trifft zu,,1,Trifft nicht zu,,2,245716
1,1719941923724,02/07/2024 17:38:43,1719941926703,2,02/07/2024 19:38:46,86579,59,questionnaire-ry6q,,38700820,280560572503248,11359930,,complete,,,computer,Desktop or Laptop,Windows 10,Edge 126.0.0.0,2560x1440,2512x1318,End study,,,(socio-)demographics,18,Speaker Gender M vs. F,,,pass,Consent given,,,Demographics,,,Audio evaluation male vs. female,End study,,,,,Audio check male vs. female,pass,Origin & authenticity male vs. female,,,M_vs._F_9,No,36,,19,Männlich,,1,Niedersachsen,,9,Abitur bzw. erweiterte Oberschule mit Abschluss 12. Klasse (Hochschulreife),,5,Abgeschlossene kaufmännische Lehre,,5,Abgeschlossene kaufmännische Lehre,,5,3000 bis unter 4000 Euro,,9,Vollzeit berufstätig (mehr als 30 Stunden/Woche),,1,Andere,ka,,Hochdeutsch,,,,,,,,,,,,,,,,,,,,,,Andere,ka,,,,,,,,,,,,,,,,,,,,,Ich weiß nicht,,,ka,4,4,AfD,,3,62,,,,3,3,3,3,3,3,3,3,3,3,3,3,3,3,3,3,Trifft zu,,1,Trifft zu,,1,Trifft zu,,1,Trifft zu,,1,Trifft nicht zu,,2,Trifft zu,,1,Trifft nicht zu,,2,Trifft nicht zu,,2,Trifft nicht zu,,2,162440
1,1719945189211,02/07/2024 18:33:09,1719945188224,1,02/07/2024 19:33:08,86579,59,questionnaire-ry6q,,38704700,280560572517622,11360479,,complete,,,computer,Desktop or Laptop,Linux x86_64,Edge 122.0.2365.50,360x820,980x1578,End study,,,(socio-)demographics,18,Speaker Gender M vs. F,,,pass,Consent given,,,Demographics,,,Audio evaluation male vs. female,End study,,,,,Audio check male vs. female,pass,Origin & authenticity male vs. female,,,M_vs._F_15,No,27,,10,Männlich,,1,Hamburg,,6,Hauptschulabschluss/ Volksschulabschluss/ Abschluss der polytechnischen Oberschule 8. oder 9. Klasse,,2,Hochschulabschluss (Bachelor),,11,Hochschulabschluss (Bachelor),,11,3000 bis unter 4000 Euro,,9,Vollzeit berufstätig (mehr als 30 Stunden/Woche),,1,(Stief)Mutter,,2,Hochdeutsch,,,,,,,,,,,,,,,,,,,,,,(Stief)Vater,,1,Hochdeutsch,,,,,,,Norddeutsch,,,,,,,,,,,,,,,,6,6,CDU/CSU,,1,91,,,,4,4,4,4,5,5,4,4,5,5,4,4,5,5,5,5,Trifft zu,,1,Trifft zu,,1,Trifft zu,,1,Trifft zu,,1,Trifft zu,,1,Trifft zu,,1,Trifft zu,,1,Trifft zu,,1,Trifft zu,,1,247968
1,1719951102222,02/07/2024 20:11:42,1719951102136,2,02/07/2024 22:11:42,86579,59,questionnaire-ry6q,,38709390,280560572532831,11361087,,complete,,,computer,Desktop or Laptop,Windows 10,Avast Secure Browser 126.0.0.0,1536x864,1536x695,End study,,,(socio-)demographics,18,Speaker Gender F,pass,,,Consent given,,,Demographics,Audio evaluation female,Origin & authenticity female,,End study,,,Audio check female,pass,,,,,F_7,,No,43,,26,Weiblich,,2,Nordrhein-Westfalen,,10,Abitur bzw. erweiterte Oberschule mit Abschluss 12. Klasse (Hochschulreife),,5,Hochschulabschluss (Master),,12,Abgeschlossene kaufmännische Lehre,,5,1500 bis unter 2000 Euro,,6,Teilzeit berufstätig (bis 30 Stunden/Woche),,2,(Stief)Vater,,1,Hochdeutsch,,,,,,,,,,,,,,,,,Plattdeutsch,,,,,(Stief)Mutter,,2,Hochdeutsch,,,,,,,,,,,,,,,,,,,,,,Englisch,1,1,GRÜNE,,6,13,,,,5,5,1,1,5,5,1,1,3,3,2,2,4,4,5,5,Trifft zu,,1,Trifft zu,,1,Trifft nicht zu,,2,Trifft zu,,1,Trifft nicht zu,,2,Trifft zu,,1,Trifft nicht zu,,2,Trifft nicht zu,,2,Trifft nicht zu,,2,347922
1,1719954658292,02/07/2024 21:10:58,1719954648106,2,02/07/2024 23:10:48,86579,59,questionnaire-ry6q,,38710203,280560572521558,11361818,,complete,,,computer,Desktop or Laptop,Windows 7,Firefox 115.0,1598x749,1598x624,End study,,,(socio-)demographics,18,Speaker Gender M,,pass,,Consent given,Audio evaluation male,Origin & authenticity male,Demographics,,,,End study,pass,Audio check male,,,,,,M_8,,,No,38,,21,Weiblich,,2,Baden-Württemberg,,1,Abitur bzw. erweiterte Oberschule mit Abschluss 12. Klasse (Hochschulreife),,5,Hochschulabschluss (Master),,12,Kein zweiter Abschluss,,1,4000 bis unter 5000 Euro,,10,Vollzeit berufstätig (mehr als 30 Stunden/Woche),,1,(Stief)Vater,,1,,Alemannisch,,,,,,,,,,,,,,,,,,,,,(Stief)Mutter,,2,,Alemannisch,,,,,,,,,,,,,,,,,,,,,,7,7,SPD,,2,100,,,,4,4,5,5,3,3,1,1,5,5,3,3,1,1,3,3,Trifft zu,,1,Trifft zu,,1,Trifft nicht zu,,2,Trifft zu,,1,Trifft nicht zu,,2,Trifft nicht zu,,2,Trifft nicht zu,,2,Trifft zu,,1,Trifft zu,,1,322740
1,1719956744868,02/07/2024 21:45:44,1719956744439,2,02/07/2024 23:45:44,86579,59,questionnaire-ry6q,,38710721,280560572508198,11361994,,complete,,,computer,Desktop or Laptop,Windows 10,Firefox 127.0,1920x1080,1920x919,End study,,,(socio-)demographics,18,Speaker Gender F,pass,,,Consent given,,,Demographics,Audio evaluation female,Origin & authenticity female,,End study,,,Audio check female,pass,,,,,F_2,,No,18,,1,Männlich,,1,Bayern,,2,Realschulabschluss/ Mittlere Reife/ Fachschulreife oder Abschluss der polytechnischen Oberschule 10. Klasse,,3,(Noch) keinen beruflichen Ausbildungs- oder Studienabschluss,,1,Kein zweiter Abschluss,,1,2000 bis unter 2500 Euro,,7,Lehrling/Azubi,,4,(Stief)Vater,,1,,,,Bairisch,,,,,,,,,,,,,,,,,,,(Stief)Mutter,,2,,,,Bairisch,,,,,,,,,,,,,,,,,,,,4,4,CDU/CSU,,1,55,,,,3,3,3,3,3,3,5,5,4,4,3,3,2,2,3,3,Trifft nicht zu,,2,Trifft zu,,1,Trifft nicht zu,,2,Trifft zu,,1,Trifft nicht zu,,2,Trifft zu,,1,Trifft zu,,1,Trifft nicht zu,,2,Trifft zu,,1,121675
1,1719956876231,02/07/2024 21:47:56,1719956781424,2,02/07/2024 23:46:21,86579,59,questionnaire-ry6q,,38710738,280560572525756,11361935,,complete,,,computer,Desktop or Laptop,Windows 10,Chrome 126.0.0.0,1536x864,1536x703,End study,,,(socio-)demographics,18,Speaker Gender M vs. F,,,pass,Consent given,,,Demographics,,,Audio evaluation male vs. female,End study,,,,,Audio check male vs. female,pass,Origin & authenticity male vs. female,,,M_vs._F_23,No,35,,18,Männlich,,1,Nordrhein-Westfalen,,10,Abitur bzw. erweiterte Oberschule mit Abschluss 12. Klasse (Hochschulreife),,5,Hochschulabschluss (Master),,12,Kein zweiter Abschluss,,1,7500 bis unter 10000 Euro,,12,Vollzeit berufstätig (mehr als 30 Stunden/Woche),,1,(Stief)Vater,,1,,,,Bairisch,,,,,,,,,,,,,,,,,,,(Stief)Mutter,,2,,,,Bairisch,,,,,,,,,,,,,,,,,,,,3,3,CDU/CSU,,1,64,,,,2,2,2,2,2,2,2,2,4,4,3,3,1,1,4,4,Trifft zu,,1,Trifft nicht zu,,2,Trifft nicht zu,,2,Trifft zu,,1,Trifft nicht zu,,2,Trifft zu,,1,Trifft zu,,1,Trifft nicht zu,,2,Trifft nicht zu,,2,483881
1,1719961178849,02/07/2024 22:59:38,1719961167390,2,03/07/2024 00:59:27,86579,59,questionnaire-ry6q,,38712213,280560572377202,11362246,,complete,,,computer,Desktop or Laptop,Windows 10,Chrome 126.0.0.0,1536x864,1536x738,End study,,,(socio-)demographics,18,Speaker Gender M,,pass,,Consent given,Audio evaluation male,Origin & authenticity male,Demographics,,,,End study,pass,Audio check male,,,,,,M_10,,,No,26,,9,Männlich,,1,Bremen,,5,Abitur bzw. erweiterte Oberschule mit Abschluss 12. Klasse (Hochschulreife),,5,Abgeschlossene kaufmännische Lehre,,5,Kein zweiter Abschluss,,1,3000 bis unter 4000 Euro,,9,Vollzeit berufstätig (mehr als 30 Stunden/Woche),,1,(Stief)Vater,,1,,,,,,,,Norddeutsch,,,,,,,,,,,,,,,(Stief)Mutter,,2,,,,,,,,Norddeutsch,,,,,,,,,,,,,,,Arabische Sprache in der Umgebung und auch der Nachbarschaft.,1,1,AfD,,3,100,,,,4,4,5,5,5,5,1,1,3,3,3,3,3,3,4,4,Trifft zu,,1,Trifft zu,,1,Trifft nicht zu,,2,Trifft zu,,1,Trifft zu,,1,Trifft nicht zu,,2,Trifft zu,,1,Trifft nicht zu,,2,Trifft zu,,1,165725
1,1719963204018,02/07/2024 23:33:24,1719963203936,2,03/07/2024 01:33:23,86579,59,questionnaire-ry6q,,38712478,280560572378237,11362514,,complete,,,computer,Desktop or Laptop,Mac OS 10.15.7,Safari 17.5,1440x932,1440x824,End study,,,(socio-)demographics,18,Speaker Gender M vs. F,,,pass,Consent given,,,Demographics,,,Audio evaluation male vs. female,End study,,,,,Audio check male vs. female,pass,Origin & authenticity male vs. female,,,M_vs._F_25,No,40,,23,Männlich,,1,Schleswig-Holstein,,15,Realschulabschluss/ Mittlere Reife/ Fachschulreife oder Abschluss der polytechnischen Oberschule 10. Klasse,,3,Berufsfachschulabschluss,,7,Kein zweiter Abschluss,,1,2500 bis unter 3000 Euro,,8,Vollzeit berufstätig (mehr als 30 Stunden/Woche),,1,Großmutter,,3,Hochdeutsch,,,,,,,,,,,,,,,,,,,,,,Großvater,,4,Hochdeutsch,,,,,,,,,,,,,,,,,,,,,,nein,1,1,FDP,,4,54,,,,3,3,3,3,3,3,3,3,2,2,2,2,3,3,3,3,Trifft nicht zu,,2,Trifft zu,,1,Trifft nicht zu,,2,Trifft zu,,1,Trifft nicht zu,,2,Trifft nicht zu,,2,Trifft nicht zu,,2,Trifft nicht zu,,2,Trifft nicht zu,,2,183502
1,1719982013892,03/07/2024 04:46:53,1719982014266,2,03/07/2024 06:46:54,86579,59,questionnaire-ry6q,,38713559,280560572377188,11362806,,complete,,,computer,Desktop or Laptop,Windows 10,Firefox 127.0,1280x1024,1280x881,End study,,,(socio-)demographics,18,Speaker Gender F,pass,,,Consent given,,,Demographics,Audio evaluation female,Origin & authenticity female,,End study,,,Audio check female,pass,,,,,F_8,,No,55,,38,Männlich,,1,Baden-Württemberg,,1,Realschulabschluss/ Mittlere Reife/ Fachschulreife oder Abschluss der polytechnischen Oberschule 10. Klasse,,3,Abgeschlossene gewerbliche oder landwirtschaftliche Lehre,,4,Kein zweiter Abschluss,,1,3000 bis unter 4000 Euro,,9,Vollzeit berufstätig (mehr als 30 Stunden/Woche),,1,Großmutter,,3,,,,,,,,,,,,,,,,,Thüringisch,,,,,,(Stief)Vater,,1,,,,,,,,,,,,,,,Schwäbisch,,,,,,,,nein,5,5,AfD,,3,78,,,,3,3,4,4,4,4,4,4,4,4,5,5,4,4,4,4,Trifft zu,,1,Trifft zu,,1,Trifft nicht zu,,2,Trifft zu,,1,Trifft zu,,1,Trifft nicht zu,,2,Trifft nicht zu,,2,Trifft nicht zu,,2,Trifft zu,,1,259510
1,1719982517448,03/07/2024 04:55:17,1719982516430,2,03/07/2024 06:55:16,86579,59,questionnaire-ry6q,,38713580,280560572386356,11362813,,complete,,,computer,Desktop or Laptop,Windows 10,Chrome 126.0.0.0,1536x960,1536x791,End study,,,(socio-)demographics,18,Speaker Gender M vs. F,,,pass,Consent given,,,Demographics,,,Audio evaluation male vs. female,End study,,,,,Audio check male vs. female,pass,Origin & authenticity male vs. female,,,M_vs._F_24,No,55,,38,Männlich,,1,Nordrhein-Westfalen,,10,Realschulabschluss/ Mittlere Reife/ Fachschulreife oder Abschluss der polytechnischen Oberschule 10. Klasse,,3,Abgeschlossene gewerbliche oder landwirtschaftliche Lehre,,4,Kein zweiter Abschluss,,1,4000 bis unter 5000 Euro,,10,Vollzeit berufstätig (mehr als 30 Stunden/Woche),,1,(Stief)Vater,,1,Hochdeutsch,,,,,,,,,,,,,,,,,,,,,,(Stief)Mutter,,2,Hochdeutsch,,,,,,,,,,,,,,,,,,,,,,nein,1,1,CDU/CSU,,1,50,Ich möchte die Frage nicht beantworten,,2,3,3,3,3,3,3,3,3,3,3,3,3,3,3,3,3,Trifft nicht zu,,2,Trifft nicht zu,,2,Trifft nicht zu,,2,Trifft zu,,1,Trifft nicht zu,,2,Trifft nicht zu,,2,Trifft nicht zu,,2,Trifft nicht zu,,2,Trifft nicht zu,,2,139803
1,1719992734939,03/07/2024 07:45:34,1719992734867,2,03/07/2024 09:45:34,86579,59,questionnaire-ry6q,,38715012,280560572379287,11363118,,complete,,,computer,Desktop or Laptop,Windows 10,Chrome 126.0.0.0,1920x1080,1920x911,End study,,,(socio-)demographics,18,Speaker Gender F,pass,,,Consent given,,,Demographics,Audio evaluation female,Origin & authenticity female,,End study,,,Audio check female,pass,,,,,F_4,,No,41,,24,Männlich,,1,Nordrhein-Westfalen,,10,Abitur bzw. erweiterte Oberschule mit Abschluss 12. Klasse (Hochschulreife),,5,Berufsfachschulabschluss,,7,Kein zweiter Abschluss,,1,4000 bis unter 5000 Euro,,10,Vollzeit berufstätig (mehr als 30 Stunden/Woche),,1,(Stief)Vater,,1,Hochdeutsch,,,,,,,,,,,,,,,,,,,,,,(Stief)Mutter,,2,Hochdeutsch,,,,,,,,,,,,,,,,,,,,,,,2,2,Ich möchte die Frage nicht beantworten,,10,51,,,,3,3,4,4,4,4,4,4,5,5,4,4,4,4,4,4,Trifft zu,,1,Trifft zu,,1,Trifft nicht zu,,2,Trifft zu,,1,Trifft nicht zu,,2,Trifft zu,,1,Trifft zu,,1,Trifft zu,,1,Trifft nicht zu,,2,165185
1,1719994153363,03/07/2024 08:09:13,1719994153323,2,03/07/2024 10:09:13,86579,59,questionnaire-ry6q,,38715604,280560572371198,11363246,,complete,,,computer,Desktop or Laptop,Windows 10,Firefox 115.0,2144x1206,2144x1035,End study,,,(socio-)demographics,18,Speaker Gender M,,pass,,Consent given,Audio evaluation male,Origin & authenticity male,Demographics,,,,End study,pass,Audio check male,,,,,,M_5,,,No,52,,35,Männlich,,1,Brandenburg,,4,Abitur bzw. erweiterte Oberschule mit Abschluss 12. Klasse (Hochschulreife),,5,Berufsfachschulabschluss,,7,Kein zweiter Abschluss,,1,4000 bis unter 5000 Euro,,10,Vollzeit berufstätig (mehr als 30 Stunden/Woche),,1,(Stief)Vater,,1,Hochdeutsch,,,,,,,,,,,Rheinisch,,,,,,,,,,,(Stief)Mutter,,2,Hochdeutsch,,,,,,,,,,Pfälzisch,Rheinisch,,,,,,,,,,,Ruhrgebietssprache,2,2,Andere,Freie Wähler,,61,,,,3,3,4,4,4,4,4,4,5,5,4,4,5,5,3,3,Trifft zu,,1,Trifft nicht zu,,2,Trifft zu,,1,Trifft nicht zu,,2,Trifft zu,,1,Trifft nicht zu,,2,Trifft zu,,1,Trifft nicht zu,,2,Trifft nicht zu,,2,230215
1,1720007009165,03/07/2024 11:43:29,1720007008387,2,03/07/2024 13:43:28,86579,59,questionnaire-ry6q,,38723953,280560572503249,11365063,,complete,,,computer,Desktop or Laptop,Windows 10,Chrome 126.0.0.0,1536x864,1536x703,End study,,,(socio-)demographics,18,Speaker Gender M,,pass,,Consent given,Audio evaluation male,Origin & authenticity male,Demographics,,,,End study,pass,Audio check male,,,,,,M_4,,,No,32,,15,Männlich,,1,Rheinland-Pfalz,,11,Fachhochschulreife (Abschluss einer Fachoberschule etc.),,4,Meister/in oder Technikerabschluss,,9,Kein zweiter Abschluss,,1,4000 bis unter 5000 Euro,,10,Vollzeit berufstätig (mehr als 30 Stunden/Woche),,1,(Stief)Mutter,,2,,,,,,,,,,,Pfälzisch,,,,,,,,,,,,(Stief)Vater,,1,,,,,,,,,,,Pfälzisch,,,,,,,,,,,,,4,4,CDU/CSU,,1,55,,,,4,4,4,4,3,3,4,4,4,4,4,4,4,4,3,3,Trifft zu,,1,Trifft zu,,1,Trifft nicht zu,,2,Trifft zu,,1,Trifft zu,,1,Trifft nicht zu,,2,Trifft nicht zu,,2,Trifft nicht zu,,2,Trifft nicht zu,,2,114593
1,1720010873857,03/07/2024 12:47:53,1720010873707,3,03/07/2024 15:47:53,86579,59,questionnaire-ry6q,,38725976,280560572531793,11365426,,complete,,,tablet,undefined K,Android 10,Chrome 126.0.0.0,1102x689,1103x520,End study,,,(socio-)demographics,18,Speaker Gender M vs. F,,,pass,Consent given,,,Demographics,,,Audio evaluation male vs. female,End study,,,,,Audio check male vs. female,pass,Origin & authenticity male vs. female,,,M_vs._F_18,No,26,,9,Männlich,,1,Baden-Württemberg,,1,Abitur bzw. erweiterte Oberschule mit Abschluss 12. Klasse (Hochschulreife),,5,Hochschulabschluss (Master),,12,Kein zweiter Abschluss,,1,7500 bis unter 10000 Euro,,12,Vollzeit berufstätig (mehr als 30 Stunden/Woche),,1,Onkel,,5,,,,Bairisch,,,,,,,,Rheinisch,,,,,,,,,,,Großmutter,,3,,,,Bairisch,,,,,,,,,,,,,,,,,,,nichts ,3,3,CDU/CSU,,1,13,,,,4,4,2,2,4,4,2,2,5,5,4,4,4,4,4,4,Trifft zu,,1,Trifft zu,,1,Trifft zu,,1,Trifft zu,,1,Trifft zu,,1,Trifft zu,,1,Trifft zu,,1,Trifft nicht zu,,2,Trifft nicht zu,,2,177541
1,1720016636407,03/07/2024 14:23:56,1720016636321,2,03/07/2024 16:23:56,86579,59,questionnaire-ry6q,,38732381,280560572404941,11366667,,complete,,,computer,Desktop or Laptop,Mac OS 10.15.7,Safari 17.5,1032x1376,1376x925,End study,,,(socio-)demographics,18,Speaker Gender F,pass,,,Consent given,,,Demographics,Audio evaluation female,Origin & authenticity female,,End study,,,Audio check female,pass,,,,,F_11,,No,26,,9,Weiblich,,2,Nordrhein-Westfalen,,10,Ich bin noch Schüler/in,,6,Meister/in oder Technikerabschluss,,9,Berufsfachschulabschluss,,7,750 bis unter 1000 Euro,,3,Vollzeit berufstätig (mehr als 30 Stunden/Woche),,1,Großmutter,,3,,,,,,,,,,,,Rheinisch,,,,,,,,,,,Tante,,6,,,,,,Hessisch,,,,,,,,,,,,,,,,,5f,4,4,DIE LINKE,,5,57,Ich weiß nicht,,1,3,3,3,3,4,4,3,3,4,4,3,3,3,3,3,3,Trifft zu,,1,Trifft nicht zu,,2,Trifft nicht zu,,2,Trifft zu,,1,Trifft nicht zu,,2,Trifft zu,,1,Trifft zu,,1,Trifft nicht zu,,2,Trifft nicht zu,,2,107280
1,1720024818951,03/07/2024 16:40:18,1720024823979,2,03/07/2024 18:40:23,86579,59,questionnaire-ry6q,,38735247,280560572503246,11367563,,complete,,,computer,Desktop or Laptop,Windows 10,Chrome 126.0.0.0,1280x720,1600x689,End study,,,(socio-)demographics,18,Speaker Gender F,pass,,,Consent given,,,Demographics,Audio evaluation female,Origin & authenticity female,,End study,,,Audio check female,pass,,,,,F_6,,No,49,,32,Männlich,,1,Thüringen,,16,Realschulabschluss/ Mittlere Reife/ Fachschulreife oder Abschluss der polytechnischen Oberschule 10. Klasse,,3,Abgeschlossene gewerbliche oder landwirtschaftliche Lehre,,4,Abgeschlossene gewerbliche oder landwirtschaftliche Lehre,,4,1500 bis unter 2000 Euro,,6,Vollzeit berufstätig (mehr als 30 Stunden/Woche),,1,Großmutter,,3,,,,,,,,,,,,,,,,,Thüringisch,,,,,,(Stief)Vater,,1,Hochdeutsch,,,,,,,,,,,,,,,,Thüringisch,,,,,,,6,6,DIE LINKE,,5,26,,,,1,1,4,4,2,2,5,5,5,5,5,5,3,3,3,3,Trifft zu,,1,Trifft zu,,1,Trifft nicht zu,,2,Trifft zu,,1,Trifft nicht zu,,2,Trifft nicht zu,,2,Trifft nicht zu,,2,Trifft zu,,1,Trifft nicht zu,,2,225555
1,1720028952590,03/07/2024 17:49:12,1720028953287,2,03/07/2024 19:49:13,86579,59,questionnaire-ry6q,,38736647,280560572370951,11367983,,complete,,,computer,Desktop or Laptop,Windows 10,Edge 126.0.0.0,1536x864,1528x716,End study,,,(socio-)demographics,18,Speaker Gender M vs. F,,,pass,Consent given,,,Demographics,,,Audio evaluation male vs. female,End study,,,,,Audio check male vs. female,pass,Origin & authenticity male vs. female,,,M_vs._F_36,No,64,,47,Männlich,,1,Nordrhein-Westfalen,,10,Hauptschulabschluss/ Volksschulabschluss/ Abschluss der polytechnischen Oberschule 8. oder 9. Klasse,,2,Meister/in oder Technikerabschluss,,9,Berufsfachschulabschluss,,7,2000 bis unter 2500 Euro,,7,Teilzeit berufstätig (bis 30 Stunden/Woche),,2,(Stief)Vater,,1,,,,,,,,,,,,Rheinisch,,,,,,,,,,,(Stief)Mutter,,2,,,,,,,,,,,,Rheinisch,,,,,,,,,,,"türkisch, Bosnisch,",2,2,AfD,,3,76,,,,1,1,5,5,2,2,5,5,5,5,3,3,1,1,4,4,Trifft nicht zu,,2,Trifft zu,,1,Trifft nicht zu,,2,Trifft zu,,1,Trifft nicht zu,,2,Trifft nicht zu,,2,Trifft zu,,1,Trifft zu,,1,Trifft nicht zu,,2,309633
1,1720034127011,03/07/2024 19:15:27,1720034172256,2,03/07/2024 21:16:12,86579,59,questionnaire-ry6q,,38738656,280560572407836,11368490,,complete,,,computer,Desktop or Laptop,Windows 10,Edge 125.0.0.0,1600x900,1589x785,End study,,,(socio-)demographics,18,Speaker Gender M vs. F,,,pass,Consent given,,,Demographics,,,Audio evaluation male vs. female,End study,,,,,Audio check male vs. female,pass,Origin & authenticity male vs. female,,,M_vs._F_27,No,23,,6,Männlich,,1,Berlin,,3,Realschulabschluss/ Mittlere Reife/ Fachschulreife oder Abschluss der polytechnischen Oberschule 10. Klasse,,3,(Noch) keinen beruflichen Ausbildungs- oder Studienabschluss,,1,Kein zweiter Abschluss,,1,750 bis unter 1000 Euro,,3,Bundesfreiwilligendienst/ Freiwilliges Soziales Jahr (FSJ)/ Freiwilliges Ökologisches Jahr (FÖJ),,10,(Stief)Mutter,,2,Hochdeutsch,,,,,,,,,,,,,,,,,,,,,,Großmutter,,3,,,,,,,,,,,,,,,,,,,,Ich weiß nicht,,,-,2,2,CDU/CSU,,1,26,,,,4,4,2,2,4,4,3,3,2,2,4,4,2,2,3,3,Trifft nicht zu,,2,Trifft zu,,1,Trifft zu,,1,Trifft zu,,1,Trifft zu,,1,Trifft nicht zu,,2,Trifft zu,,1,Trifft nicht zu,,2,Trifft nicht zu,,2,102169
1,1720036642709,03/07/2024 19:57:22,1720036644656,2,03/07/2024 21:57:24,86579,59,questionnaire-ry6q,,38739180,280560572376151,11368630,,complete,,,computer,Desktop or Laptop,Windows 10,Chrome 126.0.0.0,1536x864,1536x695,End study,,,(socio-)demographics,18,Speaker Gender M,,pass,,Consent given,Audio evaluation male,Origin & authenticity male,Demographics,,,,End study,pass,Audio check male,,,,,,M_1,,,No,29,,12,Weiblich,,2,Hamburg,,6,Abitur bzw. erweiterte Oberschule mit Abschluss 12. Klasse (Hochschulreife),,5,Berufsfachschulabschluss,,7,Kein zweiter Abschluss,,1,Ich möchte die Frage nicht beantworten,,15,Vollzeit berufstätig (mehr als 30 Stunden/Woche),,1,(Stief)Mutter,,2,Hochdeutsch,,,,,Hessisch,,,,,,,,,,,,,,,,,(Stief)Mutter,,2,,,,,,Hessisch,,,,,,,,,,,,,,,,,ja norddeutsch und bairisch,3,3,GRÜNE,,6,49,,,,3,3,1,1,3,3,1,1,3,3,1,1,2,2,3,3,Trifft nicht zu,,2,Trifft nicht zu,,2,Trifft nicht zu,,2,Trifft nicht zu,,2,Trifft nicht zu,,2,Trifft nicht zu,,2,Trifft zu,,1,Trifft zu,,1,Trifft nicht zu,,2,209778
1,1720042606339,03/07/2024 21:36:46,1720042606485,2,03/07/2024 23:36:46,86579,59,questionnaire-ry6q,,38740225,280560572378248,11368929,,complete,,,computer,Desktop or Laptop,Windows 10,Edge 126.0.0.0,1536x864,1528x750,End study,,,(socio-)demographics,18,Speaker Gender F,pass,,,Consent given,,,Demographics,Audio evaluation female,Origin & authenticity female,,End study,,,Audio check female,pass,,,,,F_9,,No,42,,25,Männlich,,1,Baden-Württemberg,,1,Abitur bzw. erweiterte Oberschule mit Abschluss 12. Klasse (Hochschulreife),,5,Hochschulabschluss (Master),,12,Kein zweiter Abschluss,,1,4000 bis unter 5000 Euro,,10,Vollzeit berufstätig (mehr als 30 Stunden/Woche),,1,(Stief)Vater,,1,,,,,Fränkisch,,,,,,,,,,,,,,,,,,(Stief)Mutter,,2,,,,,Fränkisch,,,,,,,,,,,,,,,,,,,2,2,CDU/CSU,,1,59,,,,4,4,2,2,2,2,5,5,3,3,2,2,3,3,4,4,Trifft zu,,1,Trifft nicht zu,,2,Trifft zu,,1,Trifft zu,,1,Trifft zu,,1,Trifft nicht zu,,2,Trifft nicht zu,,2,Trifft nicht zu,,2,Trifft zu,,1,93299
1,1720062029940,04/07/2024 03:00:29,1720062028150,3,04/07/2024 06:00:28,86579,59,questionnaire-ry6q,,38741565,280560572511342,11369383,,complete,,,computer,Desktop or Laptop,Windows 7,Firefox 115.0,1366x768,1366x643,End study,,,(socio-)demographics,18,Speaker Gender M,,pass,,Consent given,Audio evaluation male,Origin & authenticity male,Demographics,,,,End study,pass,Audio check male,,,,,,M_2,,,No,41,,24,Weiblich,,2,Nordrhein-Westfalen,,10,Abitur bzw. erweiterte Oberschule mit Abschluss 12. Klasse (Hochschulreife),,5,Fachhochschulabschluss,,10,Hochschulabschluss (Bachelor),,11,5000 bis unter 7500 Euro,,11,Teilzeit berufstätig (bis 30 Stunden/Woche),,2,(Stief)Vater,,1,Hochdeutsch,,,Bairisch,,,,,,,,Rheinisch,,,,,,,,,,,(Stief)Vater,,1,Hochdeutsch,Alemannisch,,Bairisch,,,,,,,,,,,,,,,,,,,nein,4,4,CDU/CSU,,1,55,,,,4,4,3,3,4,4,3,3,4,4,3,3,4,4,3,3,Trifft zu,,1,Trifft zu,,1,Trifft nicht zu,,2,Trifft zu,,1,Trifft nicht zu,,2,Trifft zu,,1,Trifft nicht zu,,2,Trifft zu,,1,Trifft zu,,1,275572
1,1720065885208,04/07/2024 04:04:45,1720065885214,2,04/07/2024 06:04:45,86579,59,questionnaire-ry6q,,38741962,280560572502195,11369487,,complete,,,computer,Desktop or Laptop,Windows 10,Firefox 127.0,1536x864,1536x731,End study,,,(socio-)demographics,18,Speaker Gender F,pass,,,Consent given,,,Demographics,Audio evaluation female,Origin & authenticity female,,End study,,,Audio check female,pass,,,,,F_12,,No,53,,36,Männlich,,1,Hamburg,,6,Realschulabschluss/ Mittlere Reife/ Fachschulreife oder Abschluss der polytechnischen Oberschule 10. Klasse,,3,Abgeschlossene gewerbliche oder landwirtschaftliche Lehre,,4,Hochschulabschluss (Bachelor),,11,Ich möchte die Frage nicht beantworten,,15,Vollzeit berufstätig (mehr als 30 Stunden/Woche),,1,(Stief)Mutter,,2,,,,,,,,,,Ostdeutsch,,,,,,,,,,,,,(Stief)Vater,,1,,,,,,,,,,Ostdeutsch,,,,,,,,,,,,,,1,1,Ich möchte die Frage nicht beantworten,,10,50,,,,5,5,5,5,5,5,3,3,5,5,5,5,5,5,3,3,Trifft nicht zu,,2,Trifft zu,,1,Trifft nicht zu,,2,Trifft zu,,1,Trifft nicht zu,,2,Trifft nicht zu,,2,Trifft nicht zu,,2,Trifft zu,,1,Trifft nicht zu,,2,296315
1,1720066282402,04/07/2024 04:11:22,1720066281554,2,04/07/2024 06:11:21,86579,59,questionnaire-ry6q,,38742035,280560572533882,11369509,,complete,,,computer,Desktop or Laptop,Windows 10,Chrome 126.0.0.0,1920x1080,1920x911,End study,,,(socio-)demographics,18,Speaker Gender M,,pass,,Consent given,Audio evaluation male,Origin & authenticity male,Demographics,,,,End study,pass,Audio check male,,,,,,M_11,,,No,41,,24,Männlich,,1,Bremen,,5,Abitur bzw. erweiterte Oberschule mit Abschluss 12. Klasse (Hochschulreife),,5,(Noch) keinen beruflichen Ausbildungs- oder Studienabschluss,,1,Kein zweiter Abschluss,,1,750 bis unter 1000 Euro,,3,Teilzeit berufstätig (bis 30 Stunden/Woche),,2,(Stief)Mutter,,2,Hochdeutsch,,,,,,,,,,,,,,,,,,,,,,(Stief)Vater,,1,Hochdeutsch,,,,,,,,,,,,,,,,,,,,,,nein,1,1,DIE LINKE,,5,1,,,,1,1,1,1,4,4,1,1,1,1,1,1,1,1,3,3,Trifft zu,,1,Trifft nicht zu,,2,Trifft nicht zu,,2,Trifft zu,,1,Trifft nicht zu,,2,Trifft nicht zu,,2,Trifft zu,,1,Trifft zu,,1,Trifft nicht zu,,2,212101
END OF FILE
